ISO-10303-21;
HEADER;
/* Generated by software containing ST-Developer
 * from STEP Tools, Inc. (www.steptools.com) 
 */

FILE_DESCRIPTION(
/* description */ (''),
/* implementation_level */ '2;1');

FILE_NAME(
/* name */ 'My simple macropad.step',
/* time_stamp */ '2026-09-09T14:26:18+01:00',
/* author */ (''),
/* organization */ (''),
/* preprocessor_version */ 'ST-DEVELOPER v20.2',
/* originating_system */ 'Autodesk Translation Framework v15.15.0.0',
/* authorisation */ '');

FILE_SCHEMA (('AUTOMOTIVE_DESIGN { 1 0 10303 214 3 1 1 }'));
ENDSEC;

DATA;
#10=MECHANICAL_DESIGN_GEOMETRIC_PRESENTATION_REPRESENTATION('',(#27,#28),
#2999);
#11=ITEM_DEFINED_TRANSFORMATION($,$,#1792,#1964);
#12=ITEM_DEFINED_TRANSFORMATION($,$,#1791,#1996);
#13=ITEM_DEFINED_TRANSFORMATION($,$,#1965,#1997);
#14=(
REPRESENTATION_RELATIONSHIP($,$,#3017,#3016)
REPRESENTATION_RELATIONSHIP_WITH_TRANSFORMATION(#11)
SHAPE_REPRESENTATION_RELATIONSHIP()
);
#15=(
REPRESENTATION_RELATIONSHIP($,$,#3016,#3015)
REPRESENTATION_RELATIONSHIP_WITH_TRANSFORMATION(#12)
SHAPE_REPRESENTATION_RELATIONSHIP()
);
#16=(
REPRESENTATION_RELATIONSHIP($,$,#3018,#3015)
REPRESENTATION_RELATIONSHIP_WITH_TRANSFORMATION(#13)
SHAPE_REPRESENTATION_RELATIONSHIP()
);
#17=CONTEXT_DEPENDENT_SHAPE_REPRESENTATION(#14,#3011);
#18=CONTEXT_DEPENDENT_SHAPE_REPRESENTATION(#15,#3013);
#19=CONTEXT_DEPENDENT_SHAPE_REPRESENTATION(#16,#3014);
#20=NEXT_ASSEMBLY_USAGE_OCCURRENCE('Hac9AEA_PCB:1','Hac9AEA_PCB:1',
'Hac9AEA_PCB:1',#3021,#3022,'Hac9AEA_PCB:1');
#21=NEXT_ASSEMBLY_USAGE_OCCURRENCE('HackPad.step:1','HackPad.step:1',
'HackPad.step:1',#3020,#3021,'HackPad.step:1');
#22=NEXT_ASSEMBLY_USAGE_OCCURRENCE('My simple macropad:1',
'My simple macropad:1','My simple macropad:1',#3020,#3023,
'My simple macropad:1');
#23=SHAPE_REPRESENTATION_RELATIONSHIP('SRR','None',#3017,#25);
#24=SHAPE_REPRESENTATION_RELATIONSHIP('SRR','None',#3018,#26);
#25=ADVANCED_BREP_SHAPE_REPRESENTATION('',(#29),#2997);
#26=ADVANCED_BREP_SHAPE_REPRESENTATION('',(#30),#2998);
#27=STYLED_ITEM('',(#3040),#29);
#28=STYLED_ITEM('',(#3039),#30);
#29=MANIFOLD_SOLID_BREP('Body1',#1765);
#30=MANIFOLD_SOLID_BREP('Body1',#1766);
#31=CYLINDRICAL_SURFACE('',#1909,0.85);
#32=CYLINDRICAL_SURFACE('',#1910,0.75);
#33=CYLINDRICAL_SURFACE('',#1911,2.);
#34=CYLINDRICAL_SURFACE('',#1912,0.85);
#35=CYLINDRICAL_SURFACE('',#1913,0.75);
#36=CYLINDRICAL_SURFACE('',#1914,0.85);
#37=CYLINDRICAL_SURFACE('',#1915,2.);
#38=CYLINDRICAL_SURFACE('',#1916,0.75);
#39=CYLINDRICAL_SURFACE('',#1917,0.85);
#40=CYLINDRICAL_SURFACE('',#1918,0.85);
#41=CYLINDRICAL_SURFACE('',#1919,0.75);
#42=CYLINDRICAL_SURFACE('',#1920,0.85);
#43=CYLINDRICAL_SURFACE('',#1921,0.75);
#44=CYLINDRICAL_SURFACE('',#1922,2.);
#45=CYLINDRICAL_SURFACE('',#1923,0.85);
#46=CYLINDRICAL_SURFACE('',#1924,0.85);
#47=CYLINDRICAL_SURFACE('',#1925,2.);
#48=CYLINDRICAL_SURFACE('',#1926,0.75);
#49=CYLINDRICAL_SURFACE('',#1927,0.85);
#50=CYLINDRICAL_SURFACE('',#1928,0.85);
#51=CYLINDRICAL_SURFACE('',#1929,2.);
#52=CYLINDRICAL_SURFACE('',#1930,0.75);
#53=CYLINDRICAL_SURFACE('',#1931,0.85);
#54=CYLINDRICAL_SURFACE('',#1932,0.75);
#55=CYLINDRICAL_SURFACE('',#1933,0.5);
#56=CYLINDRICAL_SURFACE('',#1934,0.5);
#57=CYLINDRICAL_SURFACE('',#1935,0.5);
#58=CYLINDRICAL_SURFACE('',#1936,0.5);
#59=CYLINDRICAL_SURFACE('',#1937,0.5);
#60=CYLINDRICAL_SURFACE('',#1938,0.5);
#61=CYLINDRICAL_SURFACE('',#1939,0.5);
#62=CYLINDRICAL_SURFACE('',#1940,2.);
#63=CYLINDRICAL_SURFACE('',#1941,0.75);
#64=CYLINDRICAL_SURFACE('',#1942,0.85);
#65=CYLINDRICAL_SURFACE('',#1943,0.5);
#66=CYLINDRICAL_SURFACE('',#1944,0.5);
#67=CYLINDRICAL_SURFACE('',#1945,0.5);
#68=CYLINDRICAL_SURFACE('',#1946,0.5);
#69=CYLINDRICAL_SURFACE('',#1947,0.5);
#70=CYLINDRICAL_SURFACE('',#1948,0.5);
#71=CYLINDRICAL_SURFACE('',#1949,0.5);
#72=CYLINDRICAL_SURFACE('',#1950,0.75);
#73=CYLINDRICAL_SURFACE('',#1951,1.3);
#74=CYLINDRICAL_SURFACE('',#1952,0.75);
#75=CYLINDRICAL_SURFACE('',#1953,0.5);
#76=CYLINDRICAL_SURFACE('',#1954,0.5);
#77=CYLINDRICAL_SURFACE('',#1955,0.5);
#78=CYLINDRICAL_SURFACE('',#1956,0.5);
#79=CYLINDRICAL_SURFACE('',#1957,1.3);
#80=CYLINDRICAL_SURFACE('',#1958,0.5);
#81=CYLINDRICAL_SURFACE('',#1959,0.5);
#82=CYLINDRICAL_SURFACE('',#1960,0.5);
#83=CYLINDRICAL_SURFACE('',#1961,0.5);
#84=CYLINDRICAL_SURFACE('',#1962,0.5);
#85=CYLINDRICAL_SURFACE('',#1963,0.75);
#86=CYLINDRICAL_SURFACE('',#1966,2.5);
#87=CYLINDRICAL_SURFACE('',#1975,1.45);
#88=CYLINDRICAL_SURFACE('',#1978,1.45);
#89=CYLINDRICAL_SURFACE('',#1983,1.45);
#90=CYLINDRICAL_SURFACE('',#1986,1.45);
#91=FACE_BOUND('',#415,.T.);
#92=FACE_BOUND('',#416,.T.);
#93=FACE_BOUND('',#417,.T.);
#94=FACE_BOUND('',#418,.T.);
#95=FACE_BOUND('',#419,.T.);
#96=FACE_BOUND('',#420,.T.);
#97=FACE_BOUND('',#421,.T.);
#98=FACE_BOUND('',#422,.T.);
#99=FACE_BOUND('',#423,.T.);
#100=FACE_BOUND('',#424,.T.);
#101=FACE_BOUND('',#425,.T.);
#102=FACE_BOUND('',#426,.T.);
#103=FACE_BOUND('',#427,.T.);
#104=FACE_BOUND('',#428,.T.);
#105=FACE_BOUND('',#429,.T.);
#106=FACE_BOUND('',#430,.T.);
#107=FACE_BOUND('',#431,.T.);
#108=FACE_BOUND('',#432,.T.);
#109=FACE_BOUND('',#433,.T.);
#110=FACE_BOUND('',#434,.T.);
#111=FACE_BOUND('',#435,.T.);
#112=FACE_BOUND('',#436,.T.);
#113=FACE_BOUND('',#437,.T.);
#114=FACE_BOUND('',#438,.T.);
#115=FACE_BOUND('',#439,.T.);
#116=FACE_BOUND('',#440,.T.);
#117=FACE_BOUND('',#441,.T.);
#118=FACE_BOUND('',#442,.T.);
#119=FACE_BOUND('',#443,.T.);
#120=FACE_BOUND('',#444,.T.);
#121=FACE_BOUND('',#445,.T.);
#122=FACE_BOUND('',#446,.T.);
#123=FACE_BOUND('',#447,.T.);
#124=FACE_BOUND('',#448,.T.);
#125=FACE_BOUND('',#449,.T.);
#126=FACE_BOUND('',#450,.T.);
#127=FACE_BOUND('',#451,.T.);
#128=FACE_BOUND('',#452,.T.);
#129=FACE_BOUND('',#453,.T.);
#130=FACE_BOUND('',#454,.T.);
#131=FACE_BOUND('',#455,.T.);
#132=FACE_BOUND('',#456,.T.);
#133=FACE_BOUND('',#457,.T.);
#134=FACE_BOUND('',#458,.T.);
#135=FACE_BOUND('',#459,.T.);
#136=FACE_BOUND('',#460,.T.);
#137=FACE_BOUND('',#461,.T.);
#138=FACE_BOUND('',#462,.T.);
#139=FACE_BOUND('',#463,.T.);
#140=FACE_BOUND('',#464,.T.);
#141=FACE_BOUND('',#465,.T.);
#142=FACE_BOUND('',#466,.T.);
#143=FACE_BOUND('',#467,.T.);
#144=FACE_BOUND('',#468,.T.);
#145=FACE_BOUND('',#469,.T.);
#146=FACE_BOUND('',#471,.T.);
#147=FACE_BOUND('',#472,.T.);
#148=FACE_BOUND('',#473,.T.);
#149=FACE_BOUND('',#474,.T.);
#150=FACE_BOUND('',#475,.T.);
#151=FACE_BOUND('',#476,.T.);
#152=FACE_BOUND('',#477,.T.);
#153=FACE_BOUND('',#478,.T.);
#154=FACE_BOUND('',#479,.T.);
#155=FACE_BOUND('',#480,.T.);
#156=FACE_BOUND('',#481,.T.);
#157=FACE_BOUND('',#482,.T.);
#158=FACE_BOUND('',#483,.T.);
#159=FACE_BOUND('',#484,.T.);
#160=FACE_BOUND('',#485,.T.);
#161=FACE_BOUND('',#486,.T.);
#162=FACE_BOUND('',#487,.T.);
#163=FACE_BOUND('',#488,.T.);
#164=FACE_BOUND('',#489,.T.);
#165=FACE_BOUND('',#490,.T.);
#166=FACE_BOUND('',#491,.T.);
#167=FACE_BOUND('',#492,.T.);
#168=FACE_BOUND('',#493,.T.);
#169=FACE_BOUND('',#494,.T.);
#170=FACE_BOUND('',#495,.T.);
#171=FACE_BOUND('',#496,.T.);
#172=FACE_BOUND('',#497,.T.);
#173=FACE_BOUND('',#498,.T.);
#174=FACE_BOUND('',#499,.T.);
#175=FACE_BOUND('',#500,.T.);
#176=FACE_BOUND('',#501,.T.);
#177=FACE_BOUND('',#502,.T.);
#178=FACE_BOUND('',#503,.T.);
#179=FACE_BOUND('',#504,.T.);
#180=FACE_BOUND('',#505,.T.);
#181=FACE_BOUND('',#506,.T.);
#182=FACE_BOUND('',#507,.T.);
#183=FACE_BOUND('',#508,.T.);
#184=FACE_BOUND('',#509,.T.);
#185=FACE_BOUND('',#510,.T.);
#186=FACE_BOUND('',#511,.T.);
#187=FACE_BOUND('',#512,.T.);
#188=FACE_BOUND('',#513,.T.);
#189=FACE_BOUND('',#514,.T.);
#190=FACE_BOUND('',#515,.T.);
#191=FACE_BOUND('',#516,.T.);
#192=FACE_BOUND('',#517,.T.);
#193=FACE_BOUND('',#518,.T.);
#194=FACE_BOUND('',#519,.T.);
#195=FACE_BOUND('',#520,.T.);
#196=FACE_BOUND('',#521,.T.);
#197=FACE_BOUND('',#522,.T.);
#198=FACE_BOUND('',#523,.T.);
#199=FACE_BOUND('',#524,.T.);
#200=FACE_BOUND('',#525,.T.);
#201=FACE_BOUND('',#600,.T.);
#202=FACE_BOUND('',#601,.T.);
#203=FACE_BOUND('',#602,.T.);
#204=FACE_BOUND('',#603,.T.);
#205=FACE_BOUND('',#605,.T.);
#206=FACE_BOUND('',#607,.T.);
#207=FACE_BOUND('',#608,.T.);
#208=FACE_BOUND('',#609,.T.);
#209=FACE_BOUND('',#610,.T.);
#210=CIRCLE('',#1797,0.85);
#211=CIRCLE('',#1798,0.75);
#212=CIRCLE('',#1799,2.);
#213=CIRCLE('',#1800,0.85);
#214=CIRCLE('',#1801,0.75);
#215=CIRCLE('',#1802,0.85);
#216=CIRCLE('',#1803,2.);
#217=CIRCLE('',#1804,0.75);
#218=CIRCLE('',#1805,0.85);
#219=CIRCLE('',#1806,0.85);
#220=CIRCLE('',#1807,0.75);
#221=CIRCLE('',#1808,0.85);
#222=CIRCLE('',#1809,0.75);
#223=CIRCLE('',#1810,2.);
#224=CIRCLE('',#1811,0.85);
#225=CIRCLE('',#1812,0.85);
#226=CIRCLE('',#1813,2.);
#227=CIRCLE('',#1814,0.75);
#228=CIRCLE('',#1815,0.85);
#229=CIRCLE('',#1816,0.85);
#230=CIRCLE('',#1817,2.);
#231=CIRCLE('',#1818,0.75);
#232=CIRCLE('',#1819,0.85);
#233=CIRCLE('',#1820,0.75);
#234=CIRCLE('',#1821,0.5);
#235=CIRCLE('',#1822,0.5);
#236=CIRCLE('',#1823,0.5);
#237=CIRCLE('',#1824,0.5);
#238=CIRCLE('',#1825,0.5);
#239=CIRCLE('',#1826,0.5);
#240=CIRCLE('',#1827,0.5);
#241=CIRCLE('',#1828,2.);
#242=CIRCLE('',#1829,0.75);
#243=CIRCLE('',#1830,0.85);
#244=CIRCLE('',#1831,0.5);
#245=CIRCLE('',#1832,0.5);
#246=CIRCLE('',#1833,0.5);
#247=CIRCLE('',#1834,0.5);
#248=CIRCLE('',#1835,0.5);
#249=CIRCLE('',#1836,0.5);
#250=CIRCLE('',#1837,0.5);
#251=CIRCLE('',#1838,0.75);
#252=CIRCLE('',#1839,1.3);
#253=CIRCLE('',#1840,0.75);
#254=CIRCLE('',#1841,0.5);
#255=CIRCLE('',#1842,0.5);
#256=CIRCLE('',#1843,0.5);
#257=CIRCLE('',#1844,0.5);
#258=CIRCLE('',#1845,1.3);
#259=CIRCLE('',#1846,0.5);
#260=CIRCLE('',#1847,0.5);
#261=CIRCLE('',#1848,0.5);
#262=CIRCLE('',#1849,0.5);
#263=CIRCLE('',#1850,0.5);
#264=CIRCLE('',#1851,0.75);
#265=CIRCLE('',#1853,0.85);
#266=CIRCLE('',#1854,0.75);
#267=CIRCLE('',#1855,2.);
#268=CIRCLE('',#1856,0.85);
#269=CIRCLE('',#1857,0.75);
#270=CIRCLE('',#1858,0.85);
#271=CIRCLE('',#1859,2.);
#272=CIRCLE('',#1860,0.75);
#273=CIRCLE('',#1861,0.85);
#274=CIRCLE('',#1862,0.85);
#275=CIRCLE('',#1863,0.75);
#276=CIRCLE('',#1864,0.85);
#277=CIRCLE('',#1865,0.75);
#278=CIRCLE('',#1866,2.);
#279=CIRCLE('',#1867,0.85);
#280=CIRCLE('',#1868,0.85);
#281=CIRCLE('',#1869,2.);
#282=CIRCLE('',#1870,0.75);
#283=CIRCLE('',#1871,0.85);
#284=CIRCLE('',#1872,0.85);
#285=CIRCLE('',#1873,2.);
#286=CIRCLE('',#1874,0.75);
#287=CIRCLE('',#1875,0.85);
#288=CIRCLE('',#1876,0.75);
#289=CIRCLE('',#1877,0.5);
#290=CIRCLE('',#1878,0.5);
#291=CIRCLE('',#1879,0.5);
#292=CIRCLE('',#1880,0.5);
#293=CIRCLE('',#1881,0.5);
#294=CIRCLE('',#1882,0.5);
#295=CIRCLE('',#1883,0.5);
#296=CIRCLE('',#1884,2.);
#297=CIRCLE('',#1885,0.75);
#298=CIRCLE('',#1886,0.85);
#299=CIRCLE('',#1887,0.5);
#300=CIRCLE('',#1888,0.5);
#301=CIRCLE('',#1889,0.5);
#302=CIRCLE('',#1890,0.5);
#303=CIRCLE('',#1891,0.5);
#304=CIRCLE('',#1892,0.5);
#305=CIRCLE('',#1893,0.5);
#306=CIRCLE('',#1894,0.75);
#307=CIRCLE('',#1895,1.3);
#308=CIRCLE('',#1896,0.75);
#309=CIRCLE('',#1897,0.5);
#310=CIRCLE('',#1898,0.5);
#311=CIRCLE('',#1899,0.5);
#312=CIRCLE('',#1900,0.5);
#313=CIRCLE('',#1901,1.3);
#314=CIRCLE('',#1902,0.5);
#315=CIRCLE('',#1903,0.5);
#316=CIRCLE('',#1904,0.5);
#317=CIRCLE('',#1905,0.5);
#318=CIRCLE('',#1906,0.5);
#319=CIRCLE('',#1907,0.75);
#320=CIRCLE('',#1967,2.5);
#321=CIRCLE('',#1968,2.5);
#322=CIRCLE('',#1976,1.45);
#323=CIRCLE('',#1977,1.45);
#324=CIRCLE('',#1979,1.45);
#325=CIRCLE('',#1980,1.45);
#326=CIRCLE('',#1984,1.45);
#327=CIRCLE('',#1985,1.45);
#328=CIRCLE('',#1987,1.45);
#329=CIRCLE('',#1988,1.45);
#330=FACE_OUTER_BOUND('',#411,.T.);
#331=FACE_OUTER_BOUND('',#412,.T.);
#332=FACE_OUTER_BOUND('',#413,.T.);
#333=FACE_OUTER_BOUND('',#414,.T.);
#334=FACE_OUTER_BOUND('',#470,.T.);
#335=FACE_OUTER_BOUND('',#526,.T.);
#336=FACE_OUTER_BOUND('',#527,.T.);
#337=FACE_OUTER_BOUND('',#528,.T.);
#338=FACE_OUTER_BOUND('',#529,.T.);
#339=FACE_OUTER_BOUND('',#530,.T.);
#340=FACE_OUTER_BOUND('',#531,.T.);
#341=FACE_OUTER_BOUND('',#532,.T.);
#342=FACE_OUTER_BOUND('',#533,.T.);
#343=FACE_OUTER_BOUND('',#534,.T.);
#344=FACE_OUTER_BOUND('',#535,.T.);
#345=FACE_OUTER_BOUND('',#536,.T.);
#346=FACE_OUTER_BOUND('',#537,.T.);
#347=FACE_OUTER_BOUND('',#538,.T.);
#348=FACE_OUTER_BOUND('',#539,.T.);
#349=FACE_OUTER_BOUND('',#540,.T.);
#350=FACE_OUTER_BOUND('',#541,.T.);
#351=FACE_OUTER_BOUND('',#542,.T.);
#352=FACE_OUTER_BOUND('',#543,.T.);
#353=FACE_OUTER_BOUND('',#544,.T.);
#354=FACE_OUTER_BOUND('',#545,.T.);
#355=FACE_OUTER_BOUND('',#546,.T.);
#356=FACE_OUTER_BOUND('',#547,.T.);
#357=FACE_OUTER_BOUND('',#548,.T.);
#358=FACE_OUTER_BOUND('',#549,.T.);
#359=FACE_OUTER_BOUND('',#550,.T.);
#360=FACE_OUTER_BOUND('',#551,.T.);
#361=FACE_OUTER_BOUND('',#552,.T.);
#362=FACE_OUTER_BOUND('',#553,.T.);
#363=FACE_OUTER_BOUND('',#554,.T.);
#364=FACE_OUTER_BOUND('',#555,.T.);
#365=FACE_OUTER_BOUND('',#556,.T.);
#366=FACE_OUTER_BOUND('',#557,.T.);
#367=FACE_OUTER_BOUND('',#558,.T.);
#368=FACE_OUTER_BOUND('',#559,.T.);
#369=FACE_OUTER_BOUND('',#560,.T.);
#370=FACE_OUTER_BOUND('',#561,.T.);
#371=FACE_OUTER_BOUND('',#562,.T.);
#372=FACE_OUTER_BOUND('',#563,.T.);
#373=FACE_OUTER_BOUND('',#564,.T.);
#374=FACE_OUTER_BOUND('',#565,.T.);
#375=FACE_OUTER_BOUND('',#566,.T.);
#376=FACE_OUTER_BOUND('',#567,.T.);
#377=FACE_OUTER_BOUND('',#568,.T.);
#378=FACE_OUTER_BOUND('',#569,.T.);
#379=FACE_OUTER_BOUND('',#570,.T.);
#380=FACE_OUTER_BOUND('',#571,.T.);
#381=FACE_OUTER_BOUND('',#572,.T.);
#382=FACE_OUTER_BOUND('',#573,.T.);
#383=FACE_OUTER_BOUND('',#574,.T.);
#384=FACE_OUTER_BOUND('',#575,.T.);
#385=FACE_OUTER_BOUND('',#576,.T.);
#386=FACE_OUTER_BOUND('',#577,.T.);
#387=FACE_OUTER_BOUND('',#578,.T.);
#388=FACE_OUTER_BOUND('',#579,.T.);
#389=FACE_OUTER_BOUND('',#580,.T.);
#390=FACE_OUTER_BOUND('',#581,.T.);
#391=FACE_OUTER_BOUND('',#582,.T.);
#392=FACE_OUTER_BOUND('',#583,.T.);
#393=FACE_OUTER_BOUND('',#584,.T.);
#394=FACE_OUTER_BOUND('',#585,.T.);
#395=FACE_OUTER_BOUND('',#586,.T.);
#396=FACE_OUTER_BOUND('',#587,.T.);
#397=FACE_OUTER_BOUND('',#588,.T.);
#398=FACE_OUTER_BOUND('',#589,.T.);
#399=FACE_OUTER_BOUND('',#590,.T.);
#400=FACE_OUTER_BOUND('',#591,.T.);
#401=FACE_OUTER_BOUND('',#592,.T.);
#402=FACE_OUTER_BOUND('',#593,.T.);
#403=FACE_OUTER_BOUND('',#594,.T.);
#404=FACE_OUTER_BOUND('',#595,.T.);
#405=FACE_OUTER_BOUND('',#596,.T.);
#406=FACE_OUTER_BOUND('',#597,.T.);
#407=FACE_OUTER_BOUND('',#598,.T.);
#408=FACE_OUTER_BOUND('',#599,.T.);
#409=FACE_OUTER_BOUND('',#604,.T.);
#410=FACE_OUTER_BOUND('',#606,.T.);
#411=EDGE_LOOP('',(#1207,#1208,#1209,#1210));
#412=EDGE_LOOP('',(#1211,#1212,#1213,#1214));
#413=EDGE_LOOP('',(#1215,#1216,#1217,#1218));
#414=EDGE_LOOP('',(#1219,#1220,#1221,#1222));
#415=EDGE_LOOP('',(#1223));
#416=EDGE_LOOP('',(#1224));
#417=EDGE_LOOP('',(#1225));
#418=EDGE_LOOP('',(#1226));
#419=EDGE_LOOP('',(#1227));
#420=EDGE_LOOP('',(#1228));
#421=EDGE_LOOP('',(#1229));
#422=EDGE_LOOP('',(#1230));
#423=EDGE_LOOP('',(#1231));
#424=EDGE_LOOP('',(#1232));
#425=EDGE_LOOP('',(#1233));
#426=EDGE_LOOP('',(#1234));
#427=EDGE_LOOP('',(#1235));
#428=EDGE_LOOP('',(#1236));
#429=EDGE_LOOP('',(#1237));
#430=EDGE_LOOP('',(#1238));
#431=EDGE_LOOP('',(#1239));
#432=EDGE_LOOP('',(#1240));
#433=EDGE_LOOP('',(#1241));
#434=EDGE_LOOP('',(#1242));
#435=EDGE_LOOP('',(#1243));
#436=EDGE_LOOP('',(#1244));
#437=EDGE_LOOP('',(#1245));
#438=EDGE_LOOP('',(#1246));
#439=EDGE_LOOP('',(#1247));
#440=EDGE_LOOP('',(#1248));
#441=EDGE_LOOP('',(#1249));
#442=EDGE_LOOP('',(#1250));
#443=EDGE_LOOP('',(#1251));
#444=EDGE_LOOP('',(#1252));
#445=EDGE_LOOP('',(#1253));
#446=EDGE_LOOP('',(#1254));
#447=EDGE_LOOP('',(#1255));
#448=EDGE_LOOP('',(#1256));
#449=EDGE_LOOP('',(#1257));
#450=EDGE_LOOP('',(#1258));
#451=EDGE_LOOP('',(#1259));
#452=EDGE_LOOP('',(#1260));
#453=EDGE_LOOP('',(#1261));
#454=EDGE_LOOP('',(#1262));
#455=EDGE_LOOP('',(#1263));
#456=EDGE_LOOP('',(#1264));
#457=EDGE_LOOP('',(#1265));
#458=EDGE_LOOP('',(#1266));
#459=EDGE_LOOP('',(#1267));
#460=EDGE_LOOP('',(#1268));
#461=EDGE_LOOP('',(#1269));
#462=EDGE_LOOP('',(#1270));
#463=EDGE_LOOP('',(#1271));
#464=EDGE_LOOP('',(#1272));
#465=EDGE_LOOP('',(#1273));
#466=EDGE_LOOP('',(#1274));
#467=EDGE_LOOP('',(#1275));
#468=EDGE_LOOP('',(#1276));
#469=EDGE_LOOP('',(#1277));
#470=EDGE_LOOP('',(#1278,#1279,#1280,#1281));
#471=EDGE_LOOP('',(#1282));
#472=EDGE_LOOP('',(#1283));
#473=EDGE_LOOP('',(#1284));
#474=EDGE_LOOP('',(#1285));
#475=EDGE_LOOP('',(#1286));
#476=EDGE_LOOP('',(#1287));
#477=EDGE_LOOP('',(#1288));
#478=EDGE_LOOP('',(#1289));
#479=EDGE_LOOP('',(#1290));
#480=EDGE_LOOP('',(#1291));
#481=EDGE_LOOP('',(#1292));
#482=EDGE_LOOP('',(#1293));
#483=EDGE_LOOP('',(#1294));
#484=EDGE_LOOP('',(#1295));
#485=EDGE_LOOP('',(#1296));
#486=EDGE_LOOP('',(#1297));
#487=EDGE_LOOP('',(#1298));
#488=EDGE_LOOP('',(#1299));
#489=EDGE_LOOP('',(#1300));
#490=EDGE_LOOP('',(#1301));
#491=EDGE_LOOP('',(#1302));
#492=EDGE_LOOP('',(#1303));
#493=EDGE_LOOP('',(#1304));
#494=EDGE_LOOP('',(#1305));
#495=EDGE_LOOP('',(#1306));
#496=EDGE_LOOP('',(#1307));
#497=EDGE_LOOP('',(#1308));
#498=EDGE_LOOP('',(#1309));
#499=EDGE_LOOP('',(#1310));
#500=EDGE_LOOP('',(#1311));
#501=EDGE_LOOP('',(#1312));
#502=EDGE_LOOP('',(#1313));
#503=EDGE_LOOP('',(#1314));
#504=EDGE_LOOP('',(#1315));
#505=EDGE_LOOP('',(#1316));
#506=EDGE_LOOP('',(#1317));
#507=EDGE_LOOP('',(#1318));
#508=EDGE_LOOP('',(#1319));
#509=EDGE_LOOP('',(#1320));
#510=EDGE_LOOP('',(#1321));
#511=EDGE_LOOP('',(#1322));
#512=EDGE_LOOP('',(#1323));
#513=EDGE_LOOP('',(#1324));
#514=EDGE_LOOP('',(#1325));
#515=EDGE_LOOP('',(#1326));
#516=EDGE_LOOP('',(#1327));
#517=EDGE_LOOP('',(#1328));
#518=EDGE_LOOP('',(#1329));
#519=EDGE_LOOP('',(#1330));
#520=EDGE_LOOP('',(#1331));
#521=EDGE_LOOP('',(#1332));
#522=EDGE_LOOP('',(#1333));
#523=EDGE_LOOP('',(#1334));
#524=EDGE_LOOP('',(#1335));
#525=EDGE_LOOP('',(#1336));
#526=EDGE_LOOP('',(#1337,#1338,#1339,#1340));
#527=EDGE_LOOP('',(#1341,#1342,#1343,#1344));
#528=EDGE_LOOP('',(#1345,#1346,#1347,#1348));
#529=EDGE_LOOP('',(#1349,#1350,#1351,#1352));
#530=EDGE_LOOP('',(#1353,#1354,#1355,#1356));
#531=EDGE_LOOP('',(#1357,#1358,#1359,#1360));
#532=EDGE_LOOP('',(#1361,#1362,#1363,#1364));
#533=EDGE_LOOP('',(#1365,#1366,#1367,#1368));
#534=EDGE_LOOP('',(#1369,#1370,#1371,#1372));
#535=EDGE_LOOP('',(#1373,#1374,#1375,#1376));
#536=EDGE_LOOP('',(#1377,#1378,#1379,#1380));
#537=EDGE_LOOP('',(#1381,#1382,#1383,#1384));
#538=EDGE_LOOP('',(#1385,#1386,#1387,#1388));
#539=EDGE_LOOP('',(#1389,#1390,#1391,#1392));
#540=EDGE_LOOP('',(#1393,#1394,#1395,#1396));
#541=EDGE_LOOP('',(#1397,#1398,#1399,#1400));
#542=EDGE_LOOP('',(#1401,#1402,#1403,#1404));
#543=EDGE_LOOP('',(#1405,#1406,#1407,#1408));
#544=EDGE_LOOP('',(#1409,#1410,#1411,#1412));
#545=EDGE_LOOP('',(#1413,#1414,#1415,#1416));
#546=EDGE_LOOP('',(#1417,#1418,#1419,#1420));
#547=EDGE_LOOP('',(#1421,#1422,#1423,#1424));
#548=EDGE_LOOP('',(#1425,#1426,#1427,#1428));
#549=EDGE_LOOP('',(#1429,#1430,#1431,#1432));
#550=EDGE_LOOP('',(#1433,#1434,#1435,#1436));
#551=EDGE_LOOP('',(#1437,#1438,#1439,#1440));
#552=EDGE_LOOP('',(#1441,#1442,#1443,#1444));
#553=EDGE_LOOP('',(#1445,#1446,#1447,#1448));
#554=EDGE_LOOP('',(#1449,#1450,#1451,#1452));
#555=EDGE_LOOP('',(#1453,#1454,#1455,#1456));
#556=EDGE_LOOP('',(#1457,#1458,#1459,#1460));
#557=EDGE_LOOP('',(#1461,#1462,#1463,#1464));
#558=EDGE_LOOP('',(#1465,#1466,#1467,#1468));
#559=EDGE_LOOP('',(#1469,#1470,#1471,#1472));
#560=EDGE_LOOP('',(#1473,#1474,#1475,#1476));
#561=EDGE_LOOP('',(#1477,#1478,#1479,#1480));
#562=EDGE_LOOP('',(#1481,#1482,#1483,#1484));
#563=EDGE_LOOP('',(#1485,#1486,#1487,#1488));
#564=EDGE_LOOP('',(#1489,#1490,#1491,#1492));
#565=EDGE_LOOP('',(#1493,#1494,#1495,#1496));
#566=EDGE_LOOP('',(#1497,#1498,#1499,#1500));
#567=EDGE_LOOP('',(#1501,#1502,#1503,#1504));
#568=EDGE_LOOP('',(#1505,#1506,#1507,#1508));
#569=EDGE_LOOP('',(#1509,#1510,#1511,#1512));
#570=EDGE_LOOP('',(#1513,#1514,#1515,#1516));
#571=EDGE_LOOP('',(#1517,#1518,#1519,#1520));
#572=EDGE_LOOP('',(#1521,#1522,#1523,#1524));
#573=EDGE_LOOP('',(#1525,#1526,#1527,#1528));
#574=EDGE_LOOP('',(#1529,#1530,#1531,#1532));
#575=EDGE_LOOP('',(#1533,#1534,#1535,#1536));
#576=EDGE_LOOP('',(#1537,#1538,#1539,#1540));
#577=EDGE_LOOP('',(#1541,#1542,#1543,#1544));
#578=EDGE_LOOP('',(#1545,#1546,#1547,#1548));
#579=EDGE_LOOP('',(#1549,#1550,#1551,#1552));
#580=EDGE_LOOP('',(#1553,#1554,#1555,#1556));
#581=EDGE_LOOP('',(#1557,#1558,#1559,#1560));
#582=EDGE_LOOP('',(#1561,#1562,#1563,#1564));
#583=EDGE_LOOP('',(#1565));
#584=EDGE_LOOP('',(#1566,#1567,#1568,#1569));
#585=EDGE_LOOP('',(#1570,#1571,#1572,#1573));
#586=EDGE_LOOP('',(#1574,#1575,#1576,#1577));
#587=EDGE_LOOP('',(#1578,#1579,#1580,#1581));
#588=EDGE_LOOP('',(#1582,#1583,#1584,#1585));
#589=EDGE_LOOP('',(#1586,#1587,#1588,#1589));
#590=EDGE_LOOP('',(#1590,#1591,#1592,#1593));
#591=EDGE_LOOP('',(#1594,#1595,#1596,#1597));
#592=EDGE_LOOP('',(#1598,#1599,#1600,#1601));
#593=EDGE_LOOP('',(#1602,#1603,#1604,#1605));
#594=EDGE_LOOP('',(#1606,#1607,#1608,#1609));
#595=EDGE_LOOP('',(#1610,#1611,#1612,#1613));
#596=EDGE_LOOP('',(#1614,#1615,#1616,#1617));
#597=EDGE_LOOP('',(#1618,#1619,#1620,#1621,#1622,#1623,#1624,#1625));
#598=EDGE_LOOP('',(#1626,#1627,#1628,#1629));
#599=EDGE_LOOP('',(#1630,#1631,#1632,#1633,#1634,#1635,#1636,#1637,#1638,
#1639,#1640,#1641));
#600=EDGE_LOOP('',(#1642));
#601=EDGE_LOOP('',(#1643));
#602=EDGE_LOOP('',(#1644));
#603=EDGE_LOOP('',(#1645));
#604=EDGE_LOOP('',(#1646,#1647,#1648,#1649,#1650,#1651,#1652,#1653));
#605=EDGE_LOOP('',(#1654));
#606=EDGE_LOOP('',(#1655,#1656,#1657,#1658));
#607=EDGE_LOOP('',(#1659));
#608=EDGE_LOOP('',(#1660));
#609=EDGE_LOOP('',(#1661));
#610=EDGE_LOOP('',(#1662));
#611=LINE('',#2528,#719);
#612=LINE('',#2530,#720);
#613=LINE('',#2532,#721);
#614=LINE('',#2533,#722);
#615=LINE('',#2537,#723);
#616=LINE('',#2538,#724);
#617=LINE('',#2539,#725);
#618=LINE('',#2542,#726);
#619=LINE('',#2544,#727);
#620=LINE('',#2545,#728);
#621=LINE('',#2547,#729);
#622=LINE('',#2659,#730);
#623=LINE('',#2772,#731);
#624=LINE('',#2774,#732);
#625=LINE('',#2776,#733);
#626=LINE('',#2778,#734);
#627=LINE('',#2780,#735);
#628=LINE('',#2782,#736);
#629=LINE('',#2784,#737);
#630=LINE('',#2786,#738);
#631=LINE('',#2788,#739);
#632=LINE('',#2790,#740);
#633=LINE('',#2792,#741);
#634=LINE('',#2794,#742);
#635=LINE('',#2796,#743);
#636=LINE('',#2798,#744);
#637=LINE('',#2800,#745);
#638=LINE('',#2802,#746);
#639=LINE('',#2804,#747);
#640=LINE('',#2806,#748);
#641=LINE('',#2808,#749);
#642=LINE('',#2810,#750);
#643=LINE('',#2812,#751);
#644=LINE('',#2814,#752);
#645=LINE('',#2816,#753);
#646=LINE('',#2818,#754);
#647=LINE('',#2820,#755);
#648=LINE('',#2822,#756);
#649=LINE('',#2824,#757);
#650=LINE('',#2826,#758);
#651=LINE('',#2828,#759);
#652=LINE('',#2830,#760);
#653=LINE('',#2832,#761);
#654=LINE('',#2834,#762);
#655=LINE('',#2836,#763);
#656=LINE('',#2838,#764);
#657=LINE('',#2840,#765);
#658=LINE('',#2842,#766);
#659=LINE('',#2844,#767);
#660=LINE('',#2846,#768);
#661=LINE('',#2848,#769);
#662=LINE('',#2850,#770);
#663=LINE('',#2852,#771);
#664=LINE('',#2854,#772);
#665=LINE('',#2856,#773);
#666=LINE('',#2858,#774);
#667=LINE('',#2860,#775);
#668=LINE('',#2862,#776);
#669=LINE('',#2864,#777);
#670=LINE('',#2866,#778);
#671=LINE('',#2868,#779);
#672=LINE('',#2870,#780);
#673=LINE('',#2872,#781);
#674=LINE('',#2874,#782);
#675=LINE('',#2876,#783);
#676=LINE('',#2878,#784);
#677=LINE('',#2880,#785);
#678=LINE('',#2887,#786);
#679=LINE('',#2893,#787);
#680=LINE('',#2895,#788);
#681=LINE('',#2897,#789);
#682=LINE('',#2898,#790);
#683=LINE('',#2902,#791);
#684=LINE('',#2904,#792);
#685=LINE('',#2906,#793);
#686=LINE('',#2907,#794);
#687=LINE('',#2910,#795);
#688=LINE('',#2912,#796);
#689=LINE('',#2913,#797);
#690=LINE('',#2916,#798);
#691=LINE('',#2918,#799);
#692=LINE('',#2919,#800);
#693=LINE('',#2922,#801);
#694=LINE('',#2924,#802);
#695=LINE('',#2925,#803);
#696=LINE('',#2930,#804);
#697=LINE('',#2936,#805);
#698=LINE('',#2940,#806);
#699=LINE('',#2942,#807);
#700=LINE('',#2943,#808);
#701=LINE('',#2945,#809);
#702=LINE('',#2946,#810);
#703=LINE('',#2951,#811);
#704=LINE('',#2957,#812);
#705=LINE('',#2962,#813);
#706=LINE('',#2964,#814);
#707=LINE('',#2966,#815);
#708=LINE('',#2967,#816);
#709=LINE('',#2970,#817);
#710=LINE('',#2972,#818);
#711=LINE('',#2973,#819);
#712=LINE('',#2976,#820);
#713=LINE('',#2978,#821);
#714=LINE('',#2979,#822);
#715=LINE('',#2980,#823);
#716=LINE('',#2981,#824);
#717=LINE('',#2983,#825);
#718=LINE('',#2984,#826);
#719=VECTOR('',#2006,1.);
#720=VECTOR('',#2007,1.);
#721=VECTOR('',#2008,1.);
#722=VECTOR('',#2009,1.);
#723=VECTOR('',#2012,1.);
#724=VECTOR('',#2013,1.);
#725=VECTOR('',#2014,1.);
#726=VECTOR('',#2017,1.);
#727=VECTOR('',#2018,1.);
#728=VECTOR('',#2019,1.);
#729=VECTOR('',#2022,1.);
#730=VECTOR('',#2135,1.);
#731=VECTOR('',#2250,0.85);
#732=VECTOR('',#2253,0.75);
#733=VECTOR('',#2256,2.);
#734=VECTOR('',#2259,0.85);
#735=VECTOR('',#2262,0.75);
#736=VECTOR('',#2265,0.85);
#737=VECTOR('',#2268,2.);
#738=VECTOR('',#2271,0.75);
#739=VECTOR('',#2274,0.85);
#740=VECTOR('',#2277,0.85);
#741=VECTOR('',#2280,0.75);
#742=VECTOR('',#2283,0.85);
#743=VECTOR('',#2286,0.75);
#744=VECTOR('',#2289,2.);
#745=VECTOR('',#2292,0.85);
#746=VECTOR('',#2295,0.85);
#747=VECTOR('',#2298,2.);
#748=VECTOR('',#2301,0.75);
#749=VECTOR('',#2304,0.85);
#750=VECTOR('',#2307,0.85);
#751=VECTOR('',#2310,2.);
#752=VECTOR('',#2313,0.75);
#753=VECTOR('',#2316,0.85);
#754=VECTOR('',#2319,0.75);
#755=VECTOR('',#2322,0.5);
#756=VECTOR('',#2325,0.5);
#757=VECTOR('',#2328,0.5);
#758=VECTOR('',#2331,0.5);
#759=VECTOR('',#2334,0.5);
#760=VECTOR('',#2337,0.5);
#761=VECTOR('',#2340,0.5);
#762=VECTOR('',#2343,2.);
#763=VECTOR('',#2346,0.75);
#764=VECTOR('',#2349,0.85);
#765=VECTOR('',#2352,0.5);
#766=VECTOR('',#2355,0.5);
#767=VECTOR('',#2358,0.5);
#768=VECTOR('',#2361,0.5);
#769=VECTOR('',#2364,0.5);
#770=VECTOR('',#2367,0.5);
#771=VECTOR('',#2370,0.5);
#772=VECTOR('',#2373,0.75);
#773=VECTOR('',#2376,1.3);
#774=VECTOR('',#2379,0.75);
#775=VECTOR('',#2382,0.5);
#776=VECTOR('',#2385,0.5);
#777=VECTOR('',#2388,0.5);
#778=VECTOR('',#2391,0.5);
#779=VECTOR('',#2394,1.3);
#780=VECTOR('',#2397,0.5);
#781=VECTOR('',#2400,0.5);
#782=VECTOR('',#2403,0.5);
#783=VECTOR('',#2406,0.5);
#784=VECTOR('',#2409,0.5);
#785=VECTOR('',#2412,0.75);
#786=VECTOR('',#2421,2.5);
#787=VECTOR('',#2428,10.);
#788=VECTOR('',#2429,10.);
#789=VECTOR('',#2430,10.);
#790=VECTOR('',#2431,10.);
#791=VECTOR('',#2434,10.);
#792=VECTOR('',#2435,10.);
#793=VECTOR('',#2436,10.);
#794=VECTOR('',#2437,10.);
#795=VECTOR('',#2440,10.);
#796=VECTOR('',#2441,10.);
#797=VECTOR('',#2442,10.);
#798=VECTOR('',#2445,10.);
#799=VECTOR('',#2446,10.);
#800=VECTOR('',#2447,10.);
#801=VECTOR('',#2450,10.);
#802=VECTOR('',#2451,10.);
#803=VECTOR('',#2452,10.);
#804=VECTOR('',#2457,1.45);
#805=VECTOR('',#2464,1.45);
#806=VECTOR('',#2469,10.);
#807=VECTOR('',#2470,10.);
#808=VECTOR('',#2471,10.);
#809=VECTOR('',#2474,10.);
#810=VECTOR('',#2475,10.);
#811=VECTOR('',#2480,1.45);
#812=VECTOR('',#2487,1.45);
#813=VECTOR('',#2492,10.);
#814=VECTOR('',#2493,10.);
#815=VECTOR('',#2494,10.);
#816=VECTOR('',#2495,10.);
#817=VECTOR('',#2498,10.);
#818=VECTOR('',#2499,10.);
#819=VECTOR('',#2500,10.);
#820=VECTOR('',#2503,10.);
#821=VECTOR('',#2504,10.);
#822=VECTOR('',#2505,10.);
#823=VECTOR('',#2506,10.);
#824=VECTOR('',#2507,10.);
#825=VECTOR('',#2510,10.);
#826=VECTOR('',#2511,10.);
#827=VERTEX_POINT('',#2526);
#828=VERTEX_POINT('',#2527);
#829=VERTEX_POINT('',#2529);
#830=VERTEX_POINT('',#2531);
#831=VERTEX_POINT('',#2535);
#832=VERTEX_POINT('',#2536);
#833=VERTEX_POINT('',#2541);
#834=VERTEX_POINT('',#2543);
#835=VERTEX_POINT('',#2548);
#836=VERTEX_POINT('',#2550);
#837=VERTEX_POINT('',#2552);
#838=VERTEX_POINT('',#2554);
#839=VERTEX_POINT('',#2556);
#840=VERTEX_POINT('',#2558);
#841=VERTEX_POINT('',#2560);
#842=VERTEX_POINT('',#2562);
#843=VERTEX_POINT('',#2564);
#844=VERTEX_POINT('',#2566);
#845=VERTEX_POINT('',#2568);
#846=VERTEX_POINT('',#2570);
#847=VERTEX_POINT('',#2572);
#848=VERTEX_POINT('',#2574);
#849=VERTEX_POINT('',#2576);
#850=VERTEX_POINT('',#2578);
#851=VERTEX_POINT('',#2580);
#852=VERTEX_POINT('',#2582);
#853=VERTEX_POINT('',#2584);
#854=VERTEX_POINT('',#2586);
#855=VERTEX_POINT('',#2588);
#856=VERTEX_POINT('',#2590);
#857=VERTEX_POINT('',#2592);
#858=VERTEX_POINT('',#2594);
#859=VERTEX_POINT('',#2596);
#860=VERTEX_POINT('',#2598);
#861=VERTEX_POINT('',#2600);
#862=VERTEX_POINT('',#2602);
#863=VERTEX_POINT('',#2604);
#864=VERTEX_POINT('',#2606);
#865=VERTEX_POINT('',#2608);
#866=VERTEX_POINT('',#2610);
#867=VERTEX_POINT('',#2612);
#868=VERTEX_POINT('',#2614);
#869=VERTEX_POINT('',#2616);
#870=VERTEX_POINT('',#2618);
#871=VERTEX_POINT('',#2620);
#872=VERTEX_POINT('',#2622);
#873=VERTEX_POINT('',#2624);
#874=VERTEX_POINT('',#2626);
#875=VERTEX_POINT('',#2628);
#876=VERTEX_POINT('',#2630);
#877=VERTEX_POINT('',#2632);
#878=VERTEX_POINT('',#2634);
#879=VERTEX_POINT('',#2636);
#880=VERTEX_POINT('',#2638);
#881=VERTEX_POINT('',#2640);
#882=VERTEX_POINT('',#2642);
#883=VERTEX_POINT('',#2644);
#884=VERTEX_POINT('',#2646);
#885=VERTEX_POINT('',#2648);
#886=VERTEX_POINT('',#2650);
#887=VERTEX_POINT('',#2652);
#888=VERTEX_POINT('',#2654);
#889=VERTEX_POINT('',#2656);
#890=VERTEX_POINT('',#2660);
#891=VERTEX_POINT('',#2662);
#892=VERTEX_POINT('',#2664);
#893=VERTEX_POINT('',#2666);
#894=VERTEX_POINT('',#2668);
#895=VERTEX_POINT('',#2670);
#896=VERTEX_POINT('',#2672);
#897=VERTEX_POINT('',#2674);
#898=VERTEX_POINT('',#2676);
#899=VERTEX_POINT('',#2678);
#900=VERTEX_POINT('',#2680);
#901=VERTEX_POINT('',#2682);
#902=VERTEX_POINT('',#2684);
#903=VERTEX_POINT('',#2686);
#904=VERTEX_POINT('',#2688);
#905=VERTEX_POINT('',#2690);
#906=VERTEX_POINT('',#2692);
#907=VERTEX_POINT('',#2694);
#908=VERTEX_POINT('',#2696);
#909=VERTEX_POINT('',#2698);
#910=VERTEX_POINT('',#2700);
#911=VERTEX_POINT('',#2702);
#912=VERTEX_POINT('',#2704);
#913=VERTEX_POINT('',#2706);
#914=VERTEX_POINT('',#2708);
#915=VERTEX_POINT('',#2710);
#916=VERTEX_POINT('',#2712);
#917=VERTEX_POINT('',#2714);
#918=VERTEX_POINT('',#2716);
#919=VERTEX_POINT('',#2718);
#920=VERTEX_POINT('',#2720);
#921=VERTEX_POINT('',#2722);
#922=VERTEX_POINT('',#2724);
#923=VERTEX_POINT('',#2726);
#924=VERTEX_POINT('',#2728);
#925=VERTEX_POINT('',#2730);
#926=VERTEX_POINT('',#2732);
#927=VERTEX_POINT('',#2734);
#928=VERTEX_POINT('',#2736);
#929=VERTEX_POINT('',#2738);
#930=VERTEX_POINT('',#2740);
#931=VERTEX_POINT('',#2742);
#932=VERTEX_POINT('',#2744);
#933=VERTEX_POINT('',#2746);
#934=VERTEX_POINT('',#2748);
#935=VERTEX_POINT('',#2750);
#936=VERTEX_POINT('',#2752);
#937=VERTEX_POINT('',#2754);
#938=VERTEX_POINT('',#2756);
#939=VERTEX_POINT('',#2758);
#940=VERTEX_POINT('',#2760);
#941=VERTEX_POINT('',#2762);
#942=VERTEX_POINT('',#2764);
#943=VERTEX_POINT('',#2766);
#944=VERTEX_POINT('',#2768);
#945=VERTEX_POINT('',#2884);
#946=VERTEX_POINT('',#2886);
#947=VERTEX_POINT('',#2891);
#948=VERTEX_POINT('',#2892);
#949=VERTEX_POINT('',#2894);
#950=VERTEX_POINT('',#2896);
#951=VERTEX_POINT('',#2900);
#952=VERTEX_POINT('',#2901);
#953=VERTEX_POINT('',#2903);
#954=VERTEX_POINT('',#2905);
#955=VERTEX_POINT('',#2909);
#956=VERTEX_POINT('',#2911);
#957=VERTEX_POINT('',#2915);
#958=VERTEX_POINT('',#2917);
#959=VERTEX_POINT('',#2921);
#960=VERTEX_POINT('',#2923);
#961=VERTEX_POINT('',#2927);
#962=VERTEX_POINT('',#2929);
#963=VERTEX_POINT('',#2933);
#964=VERTEX_POINT('',#2935);
#965=VERTEX_POINT('',#2939);
#966=VERTEX_POINT('',#2941);
#967=VERTEX_POINT('',#2948);
#968=VERTEX_POINT('',#2950);
#969=VERTEX_POINT('',#2954);
#970=VERTEX_POINT('',#2956);
#971=VERTEX_POINT('',#2960);
#972=VERTEX_POINT('',#2961);
#973=VERTEX_POINT('',#2963);
#974=VERTEX_POINT('',#2965);
#975=VERTEX_POINT('',#2969);
#976=VERTEX_POINT('',#2971);
#977=VERTEX_POINT('',#2975);
#978=VERTEX_POINT('',#2977);
#979=EDGE_CURVE('',#827,#828,#611,.T.);
#980=EDGE_CURVE('',#828,#829,#612,.T.);
#981=EDGE_CURVE('',#830,#829,#613,.T.);
#982=EDGE_CURVE('',#827,#830,#614,.T.);
#983=EDGE_CURVE('',#831,#832,#615,.T.);
#984=EDGE_CURVE('',#832,#828,#616,.T.);
#985=EDGE_CURVE('',#831,#827,#617,.T.);
#986=EDGE_CURVE('',#829,#833,#618,.T.);
#987=EDGE_CURVE('',#834,#833,#619,.T.);
#988=EDGE_CURVE('',#830,#834,#620,.T.);
#989=EDGE_CURVE('',#834,#831,#621,.T.);
#990=EDGE_CURVE('',#835,#835,#210,.T.);
#991=EDGE_CURVE('',#836,#836,#211,.T.);
#992=EDGE_CURVE('',#837,#837,#212,.T.);
#993=EDGE_CURVE('',#838,#838,#213,.T.);
#994=EDGE_CURVE('',#839,#839,#214,.T.);
#995=EDGE_CURVE('',#840,#840,#215,.T.);
#996=EDGE_CURVE('',#841,#841,#216,.T.);
#997=EDGE_CURVE('',#842,#842,#217,.T.);
#998=EDGE_CURVE('',#843,#843,#218,.T.);
#999=EDGE_CURVE('',#844,#844,#219,.T.);
#1000=EDGE_CURVE('',#845,#845,#220,.T.);
#1001=EDGE_CURVE('',#846,#846,#221,.T.);
#1002=EDGE_CURVE('',#847,#847,#222,.T.);
#1003=EDGE_CURVE('',#848,#848,#223,.T.);
#1004=EDGE_CURVE('',#849,#849,#224,.T.);
#1005=EDGE_CURVE('',#850,#850,#225,.T.);
#1006=EDGE_CURVE('',#851,#851,#226,.T.);
#1007=EDGE_CURVE('',#852,#852,#227,.T.);
#1008=EDGE_CURVE('',#853,#853,#228,.T.);
#1009=EDGE_CURVE('',#854,#854,#229,.T.);
#1010=EDGE_CURVE('',#855,#855,#230,.T.);
#1011=EDGE_CURVE('',#856,#856,#231,.T.);
#1012=EDGE_CURVE('',#857,#857,#232,.T.);
#1013=EDGE_CURVE('',#858,#858,#233,.T.);
#1014=EDGE_CURVE('',#859,#859,#234,.T.);
#1015=EDGE_CURVE('',#860,#860,#235,.T.);
#1016=EDGE_CURVE('',#861,#861,#236,.T.);
#1017=EDGE_CURVE('',#862,#862,#237,.T.);
#1018=EDGE_CURVE('',#863,#863,#238,.T.);
#1019=EDGE_CURVE('',#864,#864,#239,.T.);
#1020=EDGE_CURVE('',#865,#865,#240,.T.);
#1021=EDGE_CURVE('',#866,#866,#241,.T.);
#1022=EDGE_CURVE('',#867,#867,#242,.T.);
#1023=EDGE_CURVE('',#868,#868,#243,.T.);
#1024=EDGE_CURVE('',#869,#869,#244,.T.);
#1025=EDGE_CURVE('',#870,#870,#245,.T.);
#1026=EDGE_CURVE('',#871,#871,#246,.T.);
#1027=EDGE_CURVE('',#872,#872,#247,.T.);
#1028=EDGE_CURVE('',#873,#873,#248,.T.);
#1029=EDGE_CURVE('',#874,#874,#249,.T.);
#1030=EDGE_CURVE('',#875,#875,#250,.T.);
#1031=EDGE_CURVE('',#876,#876,#251,.T.);
#1032=EDGE_CURVE('',#877,#877,#252,.T.);
#1033=EDGE_CURVE('',#878,#878,#253,.T.);
#1034=EDGE_CURVE('',#879,#879,#254,.T.);
#1035=EDGE_CURVE('',#880,#880,#255,.T.);
#1036=EDGE_CURVE('',#881,#881,#256,.T.);
#1037=EDGE_CURVE('',#882,#882,#257,.T.);
#1038=EDGE_CURVE('',#883,#883,#258,.T.);
#1039=EDGE_CURVE('',#884,#884,#259,.T.);
#1040=EDGE_CURVE('',#885,#885,#260,.T.);
#1041=EDGE_CURVE('',#886,#886,#261,.T.);
#1042=EDGE_CURVE('',#887,#887,#262,.T.);
#1043=EDGE_CURVE('',#888,#888,#263,.T.);
#1044=EDGE_CURVE('',#889,#889,#264,.T.);
#1045=EDGE_CURVE('',#833,#832,#622,.T.);
#1046=EDGE_CURVE('',#890,#890,#265,.T.);
#1047=EDGE_CURVE('',#891,#891,#266,.T.);
#1048=EDGE_CURVE('',#892,#892,#267,.T.);
#1049=EDGE_CURVE('',#893,#893,#268,.T.);
#1050=EDGE_CURVE('',#894,#894,#269,.T.);
#1051=EDGE_CURVE('',#895,#895,#270,.T.);
#1052=EDGE_CURVE('',#896,#896,#271,.T.);
#1053=EDGE_CURVE('',#897,#897,#272,.T.);
#1054=EDGE_CURVE('',#898,#898,#273,.T.);
#1055=EDGE_CURVE('',#899,#899,#274,.T.);
#1056=EDGE_CURVE('',#900,#900,#275,.T.);
#1057=EDGE_CURVE('',#901,#901,#276,.T.);
#1058=EDGE_CURVE('',#902,#902,#277,.T.);
#1059=EDGE_CURVE('',#903,#903,#278,.T.);
#1060=EDGE_CURVE('',#904,#904,#279,.T.);
#1061=EDGE_CURVE('',#905,#905,#280,.T.);
#1062=EDGE_CURVE('',#906,#906,#281,.T.);
#1063=EDGE_CURVE('',#907,#907,#282,.T.);
#1064=EDGE_CURVE('',#908,#908,#283,.T.);
#1065=EDGE_CURVE('',#909,#909,#284,.T.);
#1066=EDGE_CURVE('',#910,#910,#285,.T.);
#1067=EDGE_CURVE('',#911,#911,#286,.T.);
#1068=EDGE_CURVE('',#912,#912,#287,.T.);
#1069=EDGE_CURVE('',#913,#913,#288,.T.);
#1070=EDGE_CURVE('',#914,#914,#289,.T.);
#1071=EDGE_CURVE('',#915,#915,#290,.T.);
#1072=EDGE_CURVE('',#916,#916,#291,.T.);
#1073=EDGE_CURVE('',#917,#917,#292,.T.);
#1074=EDGE_CURVE('',#918,#918,#293,.T.);
#1075=EDGE_CURVE('',#919,#919,#294,.T.);
#1076=EDGE_CURVE('',#920,#920,#295,.T.);
#1077=EDGE_CURVE('',#921,#921,#296,.T.);
#1078=EDGE_CURVE('',#922,#922,#297,.T.);
#1079=EDGE_CURVE('',#923,#923,#298,.T.);
#1080=EDGE_CURVE('',#924,#924,#299,.T.);
#1081=EDGE_CURVE('',#925,#925,#300,.T.);
#1082=EDGE_CURVE('',#926,#926,#301,.T.);
#1083=EDGE_CURVE('',#927,#927,#302,.T.);
#1084=EDGE_CURVE('',#928,#928,#303,.T.);
#1085=EDGE_CURVE('',#929,#929,#304,.T.);
#1086=EDGE_CURVE('',#930,#930,#305,.T.);
#1087=EDGE_CURVE('',#931,#931,#306,.T.);
#1088=EDGE_CURVE('',#932,#932,#307,.T.);
#1089=EDGE_CURVE('',#933,#933,#308,.T.);
#1090=EDGE_CURVE('',#934,#934,#309,.T.);
#1091=EDGE_CURVE('',#935,#935,#310,.T.);
#1092=EDGE_CURVE('',#936,#936,#311,.T.);
#1093=EDGE_CURVE('',#937,#937,#312,.T.);
#1094=EDGE_CURVE('',#938,#938,#313,.T.);
#1095=EDGE_CURVE('',#939,#939,#314,.T.);
#1096=EDGE_CURVE('',#940,#940,#315,.T.);
#1097=EDGE_CURVE('',#941,#941,#316,.T.);
#1098=EDGE_CURVE('',#942,#942,#317,.T.);
#1099=EDGE_CURVE('',#943,#943,#318,.T.);
#1100=EDGE_CURVE('',#944,#944,#319,.T.);
#1101=EDGE_CURVE('',#890,#835,#623,.T.);
#1102=EDGE_CURVE('',#891,#836,#624,.T.);
#1103=EDGE_CURVE('',#892,#837,#625,.T.);
#1104=EDGE_CURVE('',#893,#838,#626,.T.);
#1105=EDGE_CURVE('',#894,#839,#627,.T.);
#1106=EDGE_CURVE('',#895,#840,#628,.T.);
#1107=EDGE_CURVE('',#896,#841,#629,.T.);
#1108=EDGE_CURVE('',#897,#842,#630,.T.);
#1109=EDGE_CURVE('',#898,#843,#631,.T.);
#1110=EDGE_CURVE('',#899,#844,#632,.T.);
#1111=EDGE_CURVE('',#900,#845,#633,.T.);
#1112=EDGE_CURVE('',#901,#846,#634,.T.);
#1113=EDGE_CURVE('',#902,#847,#635,.T.);
#1114=EDGE_CURVE('',#903,#848,#636,.T.);
#1115=EDGE_CURVE('',#904,#849,#637,.T.);
#1116=EDGE_CURVE('',#905,#850,#638,.T.);
#1117=EDGE_CURVE('',#906,#851,#639,.T.);
#1118=EDGE_CURVE('',#907,#852,#640,.T.);
#1119=EDGE_CURVE('',#908,#853,#641,.T.);
#1120=EDGE_CURVE('',#909,#854,#642,.T.);
#1121=EDGE_CURVE('',#910,#855,#643,.T.);
#1122=EDGE_CURVE('',#911,#856,#644,.T.);
#1123=EDGE_CURVE('',#912,#857,#645,.T.);
#1124=EDGE_CURVE('',#913,#858,#646,.T.);
#1125=EDGE_CURVE('',#914,#859,#647,.T.);
#1126=EDGE_CURVE('',#915,#860,#648,.T.);
#1127=EDGE_CURVE('',#916,#861,#649,.T.);
#1128=EDGE_CURVE('',#917,#862,#650,.T.);
#1129=EDGE_CURVE('',#918,#863,#651,.T.);
#1130=EDGE_CURVE('',#919,#864,#652,.T.);
#1131=EDGE_CURVE('',#920,#865,#653,.T.);
#1132=EDGE_CURVE('',#921,#866,#654,.T.);
#1133=EDGE_CURVE('',#922,#867,#655,.T.);
#1134=EDGE_CURVE('',#923,#868,#656,.T.);
#1135=EDGE_CURVE('',#924,#869,#657,.T.);
#1136=EDGE_CURVE('',#925,#870,#658,.T.);
#1137=EDGE_CURVE('',#926,#871,#659,.T.);
#1138=EDGE_CURVE('',#927,#872,#660,.T.);
#1139=EDGE_CURVE('',#928,#873,#661,.T.);
#1140=EDGE_CURVE('',#929,#874,#662,.T.);
#1141=EDGE_CURVE('',#930,#875,#663,.T.);
#1142=EDGE_CURVE('',#931,#876,#664,.T.);
#1143=EDGE_CURVE('',#932,#877,#665,.T.);
#1144=EDGE_CURVE('',#933,#878,#666,.T.);
#1145=EDGE_CURVE('',#934,#879,#667,.T.);
#1146=EDGE_CURVE('',#935,#880,#668,.T.);
#1147=EDGE_CURVE('',#936,#881,#669,.T.);
#1148=EDGE_CURVE('',#937,#882,#670,.T.);
#1149=EDGE_CURVE('',#938,#883,#671,.T.);
#1150=EDGE_CURVE('',#939,#884,#672,.T.);
#1151=EDGE_CURVE('',#940,#885,#673,.T.);
#1152=EDGE_CURVE('',#941,#886,#674,.T.);
#1153=EDGE_CURVE('',#942,#887,#675,.T.);
#1154=EDGE_CURVE('',#943,#888,#676,.T.);
#1155=EDGE_CURVE('',#944,#889,#677,.T.);
#1156=EDGE_CURVE('',#945,#945,#320,.T.);
#1157=EDGE_CURVE('',#945,#946,#678,.T.);
#1158=EDGE_CURVE('',#946,#946,#321,.T.);
#1159=EDGE_CURVE('',#947,#948,#679,.T.);
#1160=EDGE_CURVE('',#949,#947,#680,.T.);
#1161=EDGE_CURVE('',#950,#949,#681,.T.);
#1162=EDGE_CURVE('',#948,#950,#682,.T.);
#1163=EDGE_CURVE('',#951,#952,#683,.T.);
#1164=EDGE_CURVE('',#951,#953,#684,.T.);
#1165=EDGE_CURVE('',#954,#953,#685,.T.);
#1166=EDGE_CURVE('',#952,#954,#686,.T.);
#1167=EDGE_CURVE('',#955,#949,#687,.T.);
#1168=EDGE_CURVE('',#956,#955,#688,.T.);
#1169=EDGE_CURVE('',#950,#956,#689,.T.);
#1170=EDGE_CURVE('',#957,#953,#690,.T.);
#1171=EDGE_CURVE('',#957,#958,#691,.T.);
#1172=EDGE_CURVE('',#954,#958,#692,.T.);
#1173=EDGE_CURVE('',#959,#957,#693,.T.);
#1174=EDGE_CURVE('',#959,#960,#694,.T.);
#1175=EDGE_CURVE('',#958,#960,#695,.T.);
#1176=EDGE_CURVE('',#961,#961,#322,.T.);
#1177=EDGE_CURVE('',#961,#962,#696,.T.);
#1178=EDGE_CURVE('',#962,#962,#323,.T.);
#1179=EDGE_CURVE('',#963,#963,#324,.T.);
#1180=EDGE_CURVE('',#963,#964,#697,.T.);
#1181=EDGE_CURVE('',#964,#964,#325,.T.);
#1182=EDGE_CURVE('',#956,#965,#698,.T.);
#1183=EDGE_CURVE('',#966,#955,#699,.T.);
#1184=EDGE_CURVE('',#965,#966,#700,.T.);
#1185=EDGE_CURVE('',#965,#959,#701,.T.);
#1186=EDGE_CURVE('',#960,#966,#702,.T.);
#1187=EDGE_CURVE('',#967,#967,#326,.T.);
#1188=EDGE_CURVE('',#967,#968,#703,.T.);
#1189=EDGE_CURVE('',#968,#968,#327,.T.);
#1190=EDGE_CURVE('',#969,#969,#328,.T.);
#1191=EDGE_CURVE('',#969,#970,#704,.T.);
#1192=EDGE_CURVE('',#970,#970,#329,.T.);
#1193=EDGE_CURVE('',#971,#972,#705,.T.);
#1194=EDGE_CURVE('',#971,#973,#706,.T.);
#1195=EDGE_CURVE('',#974,#973,#707,.T.);
#1196=EDGE_CURVE('',#972,#974,#708,.T.);
#1197=EDGE_CURVE('',#972,#975,#709,.T.);
#1198=EDGE_CURVE('',#976,#974,#710,.T.);
#1199=EDGE_CURVE('',#975,#976,#711,.T.);
#1200=EDGE_CURVE('',#977,#952,#712,.T.);
#1201=EDGE_CURVE('',#978,#977,#713,.T.);
#1202=EDGE_CURVE('',#975,#978,#714,.T.);
#1203=EDGE_CURVE('',#947,#976,#715,.T.);
#1204=EDGE_CURVE('',#948,#951,#716,.T.);
#1205=EDGE_CURVE('',#978,#971,#717,.T.);
#1206=EDGE_CURVE('',#973,#977,#718,.T.);
#1207=ORIENTED_EDGE('',*,*,#979,.T.);
#1208=ORIENTED_EDGE('',*,*,#980,.T.);
#1209=ORIENTED_EDGE('',*,*,#981,.F.);
#1210=ORIENTED_EDGE('',*,*,#982,.F.);
#1211=ORIENTED_EDGE('',*,*,#983,.T.);
#1212=ORIENTED_EDGE('',*,*,#984,.T.);
#1213=ORIENTED_EDGE('',*,*,#979,.F.);
#1214=ORIENTED_EDGE('',*,*,#985,.F.);
#1215=ORIENTED_EDGE('',*,*,#981,.T.);
#1216=ORIENTED_EDGE('',*,*,#986,.T.);
#1217=ORIENTED_EDGE('',*,*,#987,.F.);
#1218=ORIENTED_EDGE('',*,*,#988,.F.);
#1219=ORIENTED_EDGE('',*,*,#982,.T.);
#1220=ORIENTED_EDGE('',*,*,#988,.T.);
#1221=ORIENTED_EDGE('',*,*,#989,.T.);
#1222=ORIENTED_EDGE('',*,*,#985,.T.);
#1223=ORIENTED_EDGE('',*,*,#990,.F.);
#1224=ORIENTED_EDGE('',*,*,#991,.F.);
#1225=ORIENTED_EDGE('',*,*,#992,.F.);
#1226=ORIENTED_EDGE('',*,*,#993,.F.);
#1227=ORIENTED_EDGE('',*,*,#994,.F.);
#1228=ORIENTED_EDGE('',*,*,#995,.F.);
#1229=ORIENTED_EDGE('',*,*,#996,.F.);
#1230=ORIENTED_EDGE('',*,*,#997,.F.);
#1231=ORIENTED_EDGE('',*,*,#998,.F.);
#1232=ORIENTED_EDGE('',*,*,#999,.F.);
#1233=ORIENTED_EDGE('',*,*,#1000,.F.);
#1234=ORIENTED_EDGE('',*,*,#1001,.F.);
#1235=ORIENTED_EDGE('',*,*,#1002,.F.);
#1236=ORIENTED_EDGE('',*,*,#1003,.F.);
#1237=ORIENTED_EDGE('',*,*,#1004,.F.);
#1238=ORIENTED_EDGE('',*,*,#1005,.F.);
#1239=ORIENTED_EDGE('',*,*,#1006,.F.);
#1240=ORIENTED_EDGE('',*,*,#1007,.F.);
#1241=ORIENTED_EDGE('',*,*,#1008,.F.);
#1242=ORIENTED_EDGE('',*,*,#1009,.F.);
#1243=ORIENTED_EDGE('',*,*,#1010,.F.);
#1244=ORIENTED_EDGE('',*,*,#1011,.F.);
#1245=ORIENTED_EDGE('',*,*,#1012,.F.);
#1246=ORIENTED_EDGE('',*,*,#1013,.F.);
#1247=ORIENTED_EDGE('',*,*,#1014,.F.);
#1248=ORIENTED_EDGE('',*,*,#1015,.F.);
#1249=ORIENTED_EDGE('',*,*,#1016,.F.);
#1250=ORIENTED_EDGE('',*,*,#1017,.F.);
#1251=ORIENTED_EDGE('',*,*,#1018,.F.);
#1252=ORIENTED_EDGE('',*,*,#1019,.F.);
#1253=ORIENTED_EDGE('',*,*,#1020,.F.);
#1254=ORIENTED_EDGE('',*,*,#1021,.F.);
#1255=ORIENTED_EDGE('',*,*,#1022,.F.);
#1256=ORIENTED_EDGE('',*,*,#1023,.F.);
#1257=ORIENTED_EDGE('',*,*,#1024,.F.);
#1258=ORIENTED_EDGE('',*,*,#1025,.F.);
#1259=ORIENTED_EDGE('',*,*,#1026,.F.);
#1260=ORIENTED_EDGE('',*,*,#1027,.F.);
#1261=ORIENTED_EDGE('',*,*,#1028,.F.);
#1262=ORIENTED_EDGE('',*,*,#1029,.F.);
#1263=ORIENTED_EDGE('',*,*,#1030,.F.);
#1264=ORIENTED_EDGE('',*,*,#1031,.F.);
#1265=ORIENTED_EDGE('',*,*,#1032,.F.);
#1266=ORIENTED_EDGE('',*,*,#1033,.F.);
#1267=ORIENTED_EDGE('',*,*,#1034,.F.);
#1268=ORIENTED_EDGE('',*,*,#1035,.F.);
#1269=ORIENTED_EDGE('',*,*,#1036,.F.);
#1270=ORIENTED_EDGE('',*,*,#1037,.F.);
#1271=ORIENTED_EDGE('',*,*,#1038,.F.);
#1272=ORIENTED_EDGE('',*,*,#1039,.F.);
#1273=ORIENTED_EDGE('',*,*,#1040,.F.);
#1274=ORIENTED_EDGE('',*,*,#1041,.F.);
#1275=ORIENTED_EDGE('',*,*,#1042,.F.);
#1276=ORIENTED_EDGE('',*,*,#1043,.F.);
#1277=ORIENTED_EDGE('',*,*,#1044,.F.);
#1278=ORIENTED_EDGE('',*,*,#980,.F.);
#1279=ORIENTED_EDGE('',*,*,#984,.F.);
#1280=ORIENTED_EDGE('',*,*,#1045,.F.);
#1281=ORIENTED_EDGE('',*,*,#986,.F.);
#1282=ORIENTED_EDGE('',*,*,#1046,.T.);
#1283=ORIENTED_EDGE('',*,*,#1047,.T.);
#1284=ORIENTED_EDGE('',*,*,#1048,.T.);
#1285=ORIENTED_EDGE('',*,*,#1049,.T.);
#1286=ORIENTED_EDGE('',*,*,#1050,.T.);
#1287=ORIENTED_EDGE('',*,*,#1051,.T.);
#1288=ORIENTED_EDGE('',*,*,#1052,.T.);
#1289=ORIENTED_EDGE('',*,*,#1053,.T.);
#1290=ORIENTED_EDGE('',*,*,#1054,.T.);
#1291=ORIENTED_EDGE('',*,*,#1055,.T.);
#1292=ORIENTED_EDGE('',*,*,#1056,.T.);
#1293=ORIENTED_EDGE('',*,*,#1057,.T.);
#1294=ORIENTED_EDGE('',*,*,#1058,.T.);
#1295=ORIENTED_EDGE('',*,*,#1059,.T.);
#1296=ORIENTED_EDGE('',*,*,#1060,.T.);
#1297=ORIENTED_EDGE('',*,*,#1061,.T.);
#1298=ORIENTED_EDGE('',*,*,#1062,.T.);
#1299=ORIENTED_EDGE('',*,*,#1063,.T.);
#1300=ORIENTED_EDGE('',*,*,#1064,.T.);
#1301=ORIENTED_EDGE('',*,*,#1065,.T.);
#1302=ORIENTED_EDGE('',*,*,#1066,.T.);
#1303=ORIENTED_EDGE('',*,*,#1067,.T.);
#1304=ORIENTED_EDGE('',*,*,#1068,.T.);
#1305=ORIENTED_EDGE('',*,*,#1069,.T.);
#1306=ORIENTED_EDGE('',*,*,#1070,.T.);
#1307=ORIENTED_EDGE('',*,*,#1071,.T.);
#1308=ORIENTED_EDGE('',*,*,#1072,.T.);
#1309=ORIENTED_EDGE('',*,*,#1073,.T.);
#1310=ORIENTED_EDGE('',*,*,#1074,.T.);
#1311=ORIENTED_EDGE('',*,*,#1075,.T.);
#1312=ORIENTED_EDGE('',*,*,#1076,.T.);
#1313=ORIENTED_EDGE('',*,*,#1077,.T.);
#1314=ORIENTED_EDGE('',*,*,#1078,.T.);
#1315=ORIENTED_EDGE('',*,*,#1079,.T.);
#1316=ORIENTED_EDGE('',*,*,#1080,.T.);
#1317=ORIENTED_EDGE('',*,*,#1081,.T.);
#1318=ORIENTED_EDGE('',*,*,#1082,.T.);
#1319=ORIENTED_EDGE('',*,*,#1083,.T.);
#1320=ORIENTED_EDGE('',*,*,#1084,.T.);
#1321=ORIENTED_EDGE('',*,*,#1085,.T.);
#1322=ORIENTED_EDGE('',*,*,#1086,.T.);
#1323=ORIENTED_EDGE('',*,*,#1087,.T.);
#1324=ORIENTED_EDGE('',*,*,#1088,.T.);
#1325=ORIENTED_EDGE('',*,*,#1089,.T.);
#1326=ORIENTED_EDGE('',*,*,#1090,.T.);
#1327=ORIENTED_EDGE('',*,*,#1091,.T.);
#1328=ORIENTED_EDGE('',*,*,#1092,.T.);
#1329=ORIENTED_EDGE('',*,*,#1093,.T.);
#1330=ORIENTED_EDGE('',*,*,#1094,.T.);
#1331=ORIENTED_EDGE('',*,*,#1095,.T.);
#1332=ORIENTED_EDGE('',*,*,#1096,.T.);
#1333=ORIENTED_EDGE('',*,*,#1097,.T.);
#1334=ORIENTED_EDGE('',*,*,#1098,.T.);
#1335=ORIENTED_EDGE('',*,*,#1099,.T.);
#1336=ORIENTED_EDGE('',*,*,#1100,.T.);
#1337=ORIENTED_EDGE('',*,*,#987,.T.);
#1338=ORIENTED_EDGE('',*,*,#1045,.T.);
#1339=ORIENTED_EDGE('',*,*,#983,.F.);
#1340=ORIENTED_EDGE('',*,*,#989,.F.);
#1341=ORIENTED_EDGE('',*,*,#1046,.F.);
#1342=ORIENTED_EDGE('',*,*,#1101,.T.);
#1343=ORIENTED_EDGE('',*,*,#990,.T.);
#1344=ORIENTED_EDGE('',*,*,#1101,.F.);
#1345=ORIENTED_EDGE('',*,*,#1047,.F.);
#1346=ORIENTED_EDGE('',*,*,#1102,.T.);
#1347=ORIENTED_EDGE('',*,*,#991,.T.);
#1348=ORIENTED_EDGE('',*,*,#1102,.F.);
#1349=ORIENTED_EDGE('',*,*,#1048,.F.);
#1350=ORIENTED_EDGE('',*,*,#1103,.T.);
#1351=ORIENTED_EDGE('',*,*,#992,.T.);
#1352=ORIENTED_EDGE('',*,*,#1103,.F.);
#1353=ORIENTED_EDGE('',*,*,#1049,.F.);
#1354=ORIENTED_EDGE('',*,*,#1104,.T.);
#1355=ORIENTED_EDGE('',*,*,#993,.T.);
#1356=ORIENTED_EDGE('',*,*,#1104,.F.);
#1357=ORIENTED_EDGE('',*,*,#1050,.F.);
#1358=ORIENTED_EDGE('',*,*,#1105,.T.);
#1359=ORIENTED_EDGE('',*,*,#994,.T.);
#1360=ORIENTED_EDGE('',*,*,#1105,.F.);
#1361=ORIENTED_EDGE('',*,*,#1051,.F.);
#1362=ORIENTED_EDGE('',*,*,#1106,.T.);
#1363=ORIENTED_EDGE('',*,*,#995,.T.);
#1364=ORIENTED_EDGE('',*,*,#1106,.F.);
#1365=ORIENTED_EDGE('',*,*,#1052,.F.);
#1366=ORIENTED_EDGE('',*,*,#1107,.T.);
#1367=ORIENTED_EDGE('',*,*,#996,.T.);
#1368=ORIENTED_EDGE('',*,*,#1107,.F.);
#1369=ORIENTED_EDGE('',*,*,#1053,.F.);
#1370=ORIENTED_EDGE('',*,*,#1108,.T.);
#1371=ORIENTED_EDGE('',*,*,#997,.T.);
#1372=ORIENTED_EDGE('',*,*,#1108,.F.);
#1373=ORIENTED_EDGE('',*,*,#1054,.F.);
#1374=ORIENTED_EDGE('',*,*,#1109,.T.);
#1375=ORIENTED_EDGE('',*,*,#998,.T.);
#1376=ORIENTED_EDGE('',*,*,#1109,.F.);
#1377=ORIENTED_EDGE('',*,*,#1055,.F.);
#1378=ORIENTED_EDGE('',*,*,#1110,.T.);
#1379=ORIENTED_EDGE('',*,*,#999,.T.);
#1380=ORIENTED_EDGE('',*,*,#1110,.F.);
#1381=ORIENTED_EDGE('',*,*,#1056,.F.);
#1382=ORIENTED_EDGE('',*,*,#1111,.T.);
#1383=ORIENTED_EDGE('',*,*,#1000,.T.);
#1384=ORIENTED_EDGE('',*,*,#1111,.F.);
#1385=ORIENTED_EDGE('',*,*,#1057,.F.);
#1386=ORIENTED_EDGE('',*,*,#1112,.T.);
#1387=ORIENTED_EDGE('',*,*,#1001,.T.);
#1388=ORIENTED_EDGE('',*,*,#1112,.F.);
#1389=ORIENTED_EDGE('',*,*,#1058,.F.);
#1390=ORIENTED_EDGE('',*,*,#1113,.T.);
#1391=ORIENTED_EDGE('',*,*,#1002,.T.);
#1392=ORIENTED_EDGE('',*,*,#1113,.F.);
#1393=ORIENTED_EDGE('',*,*,#1059,.F.);
#1394=ORIENTED_EDGE('',*,*,#1114,.T.);
#1395=ORIENTED_EDGE('',*,*,#1003,.T.);
#1396=ORIENTED_EDGE('',*,*,#1114,.F.);
#1397=ORIENTED_EDGE('',*,*,#1060,.F.);
#1398=ORIENTED_EDGE('',*,*,#1115,.T.);
#1399=ORIENTED_EDGE('',*,*,#1004,.T.);
#1400=ORIENTED_EDGE('',*,*,#1115,.F.);
#1401=ORIENTED_EDGE('',*,*,#1061,.F.);
#1402=ORIENTED_EDGE('',*,*,#1116,.T.);
#1403=ORIENTED_EDGE('',*,*,#1005,.T.);
#1404=ORIENTED_EDGE('',*,*,#1116,.F.);
#1405=ORIENTED_EDGE('',*,*,#1062,.F.);
#1406=ORIENTED_EDGE('',*,*,#1117,.T.);
#1407=ORIENTED_EDGE('',*,*,#1006,.T.);
#1408=ORIENTED_EDGE('',*,*,#1117,.F.);
#1409=ORIENTED_EDGE('',*,*,#1063,.F.);
#1410=ORIENTED_EDGE('',*,*,#1118,.T.);
#1411=ORIENTED_EDGE('',*,*,#1007,.T.);
#1412=ORIENTED_EDGE('',*,*,#1118,.F.);
#1413=ORIENTED_EDGE('',*,*,#1064,.F.);
#1414=ORIENTED_EDGE('',*,*,#1119,.T.);
#1415=ORIENTED_EDGE('',*,*,#1008,.T.);
#1416=ORIENTED_EDGE('',*,*,#1119,.F.);
#1417=ORIENTED_EDGE('',*,*,#1065,.F.);
#1418=ORIENTED_EDGE('',*,*,#1120,.T.);
#1419=ORIENTED_EDGE('',*,*,#1009,.T.);
#1420=ORIENTED_EDGE('',*,*,#1120,.F.);
#1421=ORIENTED_EDGE('',*,*,#1066,.F.);
#1422=ORIENTED_EDGE('',*,*,#1121,.T.);
#1423=ORIENTED_EDGE('',*,*,#1010,.T.);
#1424=ORIENTED_EDGE('',*,*,#1121,.F.);
#1425=ORIENTED_EDGE('',*,*,#1067,.F.);
#1426=ORIENTED_EDGE('',*,*,#1122,.T.);
#1427=ORIENTED_EDGE('',*,*,#1011,.T.);
#1428=ORIENTED_EDGE('',*,*,#1122,.F.);
#1429=ORIENTED_EDGE('',*,*,#1068,.F.);
#1430=ORIENTED_EDGE('',*,*,#1123,.T.);
#1431=ORIENTED_EDGE('',*,*,#1012,.T.);
#1432=ORIENTED_EDGE('',*,*,#1123,.F.);
#1433=ORIENTED_EDGE('',*,*,#1069,.F.);
#1434=ORIENTED_EDGE('',*,*,#1124,.T.);
#1435=ORIENTED_EDGE('',*,*,#1013,.T.);
#1436=ORIENTED_EDGE('',*,*,#1124,.F.);
#1437=ORIENTED_EDGE('',*,*,#1070,.F.);
#1438=ORIENTED_EDGE('',*,*,#1125,.T.);
#1439=ORIENTED_EDGE('',*,*,#1014,.T.);
#1440=ORIENTED_EDGE('',*,*,#1125,.F.);
#1441=ORIENTED_EDGE('',*,*,#1071,.F.);
#1442=ORIENTED_EDGE('',*,*,#1126,.T.);
#1443=ORIENTED_EDGE('',*,*,#1015,.T.);
#1444=ORIENTED_EDGE('',*,*,#1126,.F.);
#1445=ORIENTED_EDGE('',*,*,#1072,.F.);
#1446=ORIENTED_EDGE('',*,*,#1127,.T.);
#1447=ORIENTED_EDGE('',*,*,#1016,.T.);
#1448=ORIENTED_EDGE('',*,*,#1127,.F.);
#1449=ORIENTED_EDGE('',*,*,#1073,.F.);
#1450=ORIENTED_EDGE('',*,*,#1128,.T.);
#1451=ORIENTED_EDGE('',*,*,#1017,.T.);
#1452=ORIENTED_EDGE('',*,*,#1128,.F.);
#1453=ORIENTED_EDGE('',*,*,#1074,.F.);
#1454=ORIENTED_EDGE('',*,*,#1129,.T.);
#1455=ORIENTED_EDGE('',*,*,#1018,.T.);
#1456=ORIENTED_EDGE('',*,*,#1129,.F.);
#1457=ORIENTED_EDGE('',*,*,#1075,.F.);
#1458=ORIENTED_EDGE('',*,*,#1130,.T.);
#1459=ORIENTED_EDGE('',*,*,#1019,.T.);
#1460=ORIENTED_EDGE('',*,*,#1130,.F.);
#1461=ORIENTED_EDGE('',*,*,#1076,.F.);
#1462=ORIENTED_EDGE('',*,*,#1131,.T.);
#1463=ORIENTED_EDGE('',*,*,#1020,.T.);
#1464=ORIENTED_EDGE('',*,*,#1131,.F.);
#1465=ORIENTED_EDGE('',*,*,#1077,.F.);
#1466=ORIENTED_EDGE('',*,*,#1132,.T.);
#1467=ORIENTED_EDGE('',*,*,#1021,.T.);
#1468=ORIENTED_EDGE('',*,*,#1132,.F.);
#1469=ORIENTED_EDGE('',*,*,#1078,.F.);
#1470=ORIENTED_EDGE('',*,*,#1133,.T.);
#1471=ORIENTED_EDGE('',*,*,#1022,.T.);
#1472=ORIENTED_EDGE('',*,*,#1133,.F.);
#1473=ORIENTED_EDGE('',*,*,#1079,.F.);
#1474=ORIENTED_EDGE('',*,*,#1134,.T.);
#1475=ORIENTED_EDGE('',*,*,#1023,.T.);
#1476=ORIENTED_EDGE('',*,*,#1134,.F.);
#1477=ORIENTED_EDGE('',*,*,#1080,.F.);
#1478=ORIENTED_EDGE('',*,*,#1135,.T.);
#1479=ORIENTED_EDGE('',*,*,#1024,.T.);
#1480=ORIENTED_EDGE('',*,*,#1135,.F.);
#1481=ORIENTED_EDGE('',*,*,#1081,.F.);
#1482=ORIENTED_EDGE('',*,*,#1136,.T.);
#1483=ORIENTED_EDGE('',*,*,#1025,.T.);
#1484=ORIENTED_EDGE('',*,*,#1136,.F.);
#1485=ORIENTED_EDGE('',*,*,#1082,.F.);
#1486=ORIENTED_EDGE('',*,*,#1137,.T.);
#1487=ORIENTED_EDGE('',*,*,#1026,.T.);
#1488=ORIENTED_EDGE('',*,*,#1137,.F.);
#1489=ORIENTED_EDGE('',*,*,#1083,.F.);
#1490=ORIENTED_EDGE('',*,*,#1138,.T.);
#1491=ORIENTED_EDGE('',*,*,#1027,.T.);
#1492=ORIENTED_EDGE('',*,*,#1138,.F.);
#1493=ORIENTED_EDGE('',*,*,#1084,.F.);
#1494=ORIENTED_EDGE('',*,*,#1139,.T.);
#1495=ORIENTED_EDGE('',*,*,#1028,.T.);
#1496=ORIENTED_EDGE('',*,*,#1139,.F.);
#1497=ORIENTED_EDGE('',*,*,#1085,.F.);
#1498=ORIENTED_EDGE('',*,*,#1140,.T.);
#1499=ORIENTED_EDGE('',*,*,#1029,.T.);
#1500=ORIENTED_EDGE('',*,*,#1140,.F.);
#1501=ORIENTED_EDGE('',*,*,#1086,.F.);
#1502=ORIENTED_EDGE('',*,*,#1141,.T.);
#1503=ORIENTED_EDGE('',*,*,#1030,.T.);
#1504=ORIENTED_EDGE('',*,*,#1141,.F.);
#1505=ORIENTED_EDGE('',*,*,#1087,.F.);
#1506=ORIENTED_EDGE('',*,*,#1142,.T.);
#1507=ORIENTED_EDGE('',*,*,#1031,.T.);
#1508=ORIENTED_EDGE('',*,*,#1142,.F.);
#1509=ORIENTED_EDGE('',*,*,#1088,.F.);
#1510=ORIENTED_EDGE('',*,*,#1143,.T.);
#1511=ORIENTED_EDGE('',*,*,#1032,.T.);
#1512=ORIENTED_EDGE('',*,*,#1143,.F.);
#1513=ORIENTED_EDGE('',*,*,#1089,.F.);
#1514=ORIENTED_EDGE('',*,*,#1144,.T.);
#1515=ORIENTED_EDGE('',*,*,#1033,.T.);
#1516=ORIENTED_EDGE('',*,*,#1144,.F.);
#1517=ORIENTED_EDGE('',*,*,#1090,.F.);
#1518=ORIENTED_EDGE('',*,*,#1145,.T.);
#1519=ORIENTED_EDGE('',*,*,#1034,.T.);
#1520=ORIENTED_EDGE('',*,*,#1145,.F.);
#1521=ORIENTED_EDGE('',*,*,#1091,.F.);
#1522=ORIENTED_EDGE('',*,*,#1146,.T.);
#1523=ORIENTED_EDGE('',*,*,#1035,.T.);
#1524=ORIENTED_EDGE('',*,*,#1146,.F.);
#1525=ORIENTED_EDGE('',*,*,#1092,.F.);
#1526=ORIENTED_EDGE('',*,*,#1147,.T.);
#1527=ORIENTED_EDGE('',*,*,#1036,.T.);
#1528=ORIENTED_EDGE('',*,*,#1147,.F.);
#1529=ORIENTED_EDGE('',*,*,#1093,.F.);
#1530=ORIENTED_EDGE('',*,*,#1148,.T.);
#1531=ORIENTED_EDGE('',*,*,#1037,.T.);
#1532=ORIENTED_EDGE('',*,*,#1148,.F.);
#1533=ORIENTED_EDGE('',*,*,#1094,.F.);
#1534=ORIENTED_EDGE('',*,*,#1149,.T.);
#1535=ORIENTED_EDGE('',*,*,#1038,.T.);
#1536=ORIENTED_EDGE('',*,*,#1149,.F.);
#1537=ORIENTED_EDGE('',*,*,#1095,.F.);
#1538=ORIENTED_EDGE('',*,*,#1150,.T.);
#1539=ORIENTED_EDGE('',*,*,#1039,.T.);
#1540=ORIENTED_EDGE('',*,*,#1150,.F.);
#1541=ORIENTED_EDGE('',*,*,#1096,.F.);
#1542=ORIENTED_EDGE('',*,*,#1151,.T.);
#1543=ORIENTED_EDGE('',*,*,#1040,.T.);
#1544=ORIENTED_EDGE('',*,*,#1151,.F.);
#1545=ORIENTED_EDGE('',*,*,#1097,.F.);
#1546=ORIENTED_EDGE('',*,*,#1152,.T.);
#1547=ORIENTED_EDGE('',*,*,#1041,.T.);
#1548=ORIENTED_EDGE('',*,*,#1152,.F.);
#1549=ORIENTED_EDGE('',*,*,#1098,.F.);
#1550=ORIENTED_EDGE('',*,*,#1153,.T.);
#1551=ORIENTED_EDGE('',*,*,#1042,.T.);
#1552=ORIENTED_EDGE('',*,*,#1153,.F.);
#1553=ORIENTED_EDGE('',*,*,#1099,.F.);
#1554=ORIENTED_EDGE('',*,*,#1154,.T.);
#1555=ORIENTED_EDGE('',*,*,#1043,.T.);
#1556=ORIENTED_EDGE('',*,*,#1154,.F.);
#1557=ORIENTED_EDGE('',*,*,#1100,.F.);
#1558=ORIENTED_EDGE('',*,*,#1155,.T.);
#1559=ORIENTED_EDGE('',*,*,#1044,.T.);
#1560=ORIENTED_EDGE('',*,*,#1155,.F.);
#1561=ORIENTED_EDGE('',*,*,#1156,.F.);
#1562=ORIENTED_EDGE('',*,*,#1157,.T.);
#1563=ORIENTED_EDGE('',*,*,#1158,.F.);
#1564=ORIENTED_EDGE('',*,*,#1157,.F.);
#1565=ORIENTED_EDGE('',*,*,#1156,.T.);
#1566=ORIENTED_EDGE('',*,*,#1159,.F.);
#1567=ORIENTED_EDGE('',*,*,#1160,.F.);
#1568=ORIENTED_EDGE('',*,*,#1161,.F.);
#1569=ORIENTED_EDGE('',*,*,#1162,.F.);
#1570=ORIENTED_EDGE('',*,*,#1163,.F.);
#1571=ORIENTED_EDGE('',*,*,#1164,.T.);
#1572=ORIENTED_EDGE('',*,*,#1165,.F.);
#1573=ORIENTED_EDGE('',*,*,#1166,.F.);
#1574=ORIENTED_EDGE('',*,*,#1161,.T.);
#1575=ORIENTED_EDGE('',*,*,#1167,.F.);
#1576=ORIENTED_EDGE('',*,*,#1168,.F.);
#1577=ORIENTED_EDGE('',*,*,#1169,.F.);
#1578=ORIENTED_EDGE('',*,*,#1165,.T.);
#1579=ORIENTED_EDGE('',*,*,#1170,.F.);
#1580=ORIENTED_EDGE('',*,*,#1171,.T.);
#1581=ORIENTED_EDGE('',*,*,#1172,.F.);
#1582=ORIENTED_EDGE('',*,*,#1173,.F.);
#1583=ORIENTED_EDGE('',*,*,#1174,.T.);
#1584=ORIENTED_EDGE('',*,*,#1175,.F.);
#1585=ORIENTED_EDGE('',*,*,#1171,.F.);
#1586=ORIENTED_EDGE('',*,*,#1176,.F.);
#1587=ORIENTED_EDGE('',*,*,#1177,.T.);
#1588=ORIENTED_EDGE('',*,*,#1178,.T.);
#1589=ORIENTED_EDGE('',*,*,#1177,.F.);
#1590=ORIENTED_EDGE('',*,*,#1179,.F.);
#1591=ORIENTED_EDGE('',*,*,#1180,.T.);
#1592=ORIENTED_EDGE('',*,*,#1181,.T.);
#1593=ORIENTED_EDGE('',*,*,#1180,.F.);
#1594=ORIENTED_EDGE('',*,*,#1182,.F.);
#1595=ORIENTED_EDGE('',*,*,#1168,.T.);
#1596=ORIENTED_EDGE('',*,*,#1183,.F.);
#1597=ORIENTED_EDGE('',*,*,#1184,.F.);
#1598=ORIENTED_EDGE('',*,*,#1185,.F.);
#1599=ORIENTED_EDGE('',*,*,#1184,.T.);
#1600=ORIENTED_EDGE('',*,*,#1186,.F.);
#1601=ORIENTED_EDGE('',*,*,#1174,.F.);
#1602=ORIENTED_EDGE('',*,*,#1187,.F.);
#1603=ORIENTED_EDGE('',*,*,#1188,.T.);
#1604=ORIENTED_EDGE('',*,*,#1189,.T.);
#1605=ORIENTED_EDGE('',*,*,#1188,.F.);
#1606=ORIENTED_EDGE('',*,*,#1190,.F.);
#1607=ORIENTED_EDGE('',*,*,#1191,.T.);
#1608=ORIENTED_EDGE('',*,*,#1192,.T.);
#1609=ORIENTED_EDGE('',*,*,#1191,.F.);
#1610=ORIENTED_EDGE('',*,*,#1193,.F.);
#1611=ORIENTED_EDGE('',*,*,#1194,.T.);
#1612=ORIENTED_EDGE('',*,*,#1195,.F.);
#1613=ORIENTED_EDGE('',*,*,#1196,.F.);
#1614=ORIENTED_EDGE('',*,*,#1197,.F.);
#1615=ORIENTED_EDGE('',*,*,#1196,.T.);
#1616=ORIENTED_EDGE('',*,*,#1198,.F.);
#1617=ORIENTED_EDGE('',*,*,#1199,.F.);
#1618=ORIENTED_EDGE('',*,*,#1163,.T.);
#1619=ORIENTED_EDGE('',*,*,#1200,.F.);
#1620=ORIENTED_EDGE('',*,*,#1201,.F.);
#1621=ORIENTED_EDGE('',*,*,#1202,.F.);
#1622=ORIENTED_EDGE('',*,*,#1199,.T.);
#1623=ORIENTED_EDGE('',*,*,#1203,.F.);
#1624=ORIENTED_EDGE('',*,*,#1159,.T.);
#1625=ORIENTED_EDGE('',*,*,#1204,.T.);
#1626=ORIENTED_EDGE('',*,*,#1205,.F.);
#1627=ORIENTED_EDGE('',*,*,#1201,.T.);
#1628=ORIENTED_EDGE('',*,*,#1206,.F.);
#1629=ORIENTED_EDGE('',*,*,#1194,.F.);
#1630=ORIENTED_EDGE('',*,*,#1166,.T.);
#1631=ORIENTED_EDGE('',*,*,#1172,.T.);
#1632=ORIENTED_EDGE('',*,*,#1175,.T.);
#1633=ORIENTED_EDGE('',*,*,#1186,.T.);
#1634=ORIENTED_EDGE('',*,*,#1183,.T.);
#1635=ORIENTED_EDGE('',*,*,#1167,.T.);
#1636=ORIENTED_EDGE('',*,*,#1160,.T.);
#1637=ORIENTED_EDGE('',*,*,#1203,.T.);
#1638=ORIENTED_EDGE('',*,*,#1198,.T.);
#1639=ORIENTED_EDGE('',*,*,#1195,.T.);
#1640=ORIENTED_EDGE('',*,*,#1206,.T.);
#1641=ORIENTED_EDGE('',*,*,#1200,.T.);
#1642=ORIENTED_EDGE('',*,*,#1190,.T.);
#1643=ORIENTED_EDGE('',*,*,#1187,.T.);
#1644=ORIENTED_EDGE('',*,*,#1179,.T.);
#1645=ORIENTED_EDGE('',*,*,#1176,.T.);
#1646=ORIENTED_EDGE('',*,*,#1173,.T.);
#1647=ORIENTED_EDGE('',*,*,#1170,.T.);
#1648=ORIENTED_EDGE('',*,*,#1164,.F.);
#1649=ORIENTED_EDGE('',*,*,#1204,.F.);
#1650=ORIENTED_EDGE('',*,*,#1162,.T.);
#1651=ORIENTED_EDGE('',*,*,#1169,.T.);
#1652=ORIENTED_EDGE('',*,*,#1182,.T.);
#1653=ORIENTED_EDGE('',*,*,#1185,.T.);
#1654=ORIENTED_EDGE('',*,*,#1158,.T.);
#1655=ORIENTED_EDGE('',*,*,#1205,.T.);
#1656=ORIENTED_EDGE('',*,*,#1193,.T.);
#1657=ORIENTED_EDGE('',*,*,#1197,.T.);
#1658=ORIENTED_EDGE('',*,*,#1202,.T.);
#1659=ORIENTED_EDGE('',*,*,#1178,.F.);
#1660=ORIENTED_EDGE('',*,*,#1181,.F.);
#1661=ORIENTED_EDGE('',*,*,#1189,.F.);
#1662=ORIENTED_EDGE('',*,*,#1192,.F.);
#1663=PLANE('',#1793);
#1664=PLANE('',#1794);
#1665=PLANE('',#1795);
#1666=PLANE('',#1796);
#1667=PLANE('',#1852);
#1668=PLANE('',#1908);
#1669=PLANE('',#1969);
#1670=PLANE('',#1970);
#1671=PLANE('',#1971);
#1672=PLANE('',#1972);
#1673=PLANE('',#1973);
#1674=PLANE('',#1974);
#1675=PLANE('',#1981);
#1676=PLANE('',#1982);
#1677=PLANE('',#1989);
#1678=PLANE('',#1990);
#1679=PLANE('',#1991);
#1680=PLANE('',#1992);
#1681=PLANE('',#1993);
#1682=PLANE('',#1994);
#1683=PLANE('',#1995);
#1684=ADVANCED_FACE('',(#330),#1663,.T.);
#1685=ADVANCED_FACE('',(#331),#1664,.T.);
#1686=ADVANCED_FACE('',(#332),#1665,.T.);
#1687=ADVANCED_FACE('',(#333,#91,#92,#93,#94,#95,#96,#97,#98,#99,#100,#101,
#102,#103,#104,#105,#106,#107,#108,#109,#110,#111,#112,#113,#114,#115,#116,
#117,#118,#119,#120,#121,#122,#123,#124,#125,#126,#127,#128,#129,#130,#131,
#132,#133,#134,#135,#136,#137,#138,#139,#140,#141,#142,#143,#144,#145),
#1666,.F.);
#1688=ADVANCED_FACE('',(#334,#146,#147,#148,#149,#150,#151,#152,#153,#154,
#155,#156,#157,#158,#159,#160,#161,#162,#163,#164,#165,#166,#167,#168,#169,
#170,#171,#172,#173,#174,#175,#176,#177,#178,#179,#180,#181,#182,#183,#184,
#185,#186,#187,#188,#189,#190,#191,#192,#193,#194,#195,#196,#197,#198,#199,
#200),#1667,.T.);
#1689=ADVANCED_FACE('',(#335),#1668,.T.);
#1690=ADVANCED_FACE('',(#336),#31,.F.);
#1691=ADVANCED_FACE('',(#337),#32,.F.);
#1692=ADVANCED_FACE('',(#338),#33,.F.);
#1693=ADVANCED_FACE('',(#339),#34,.F.);
#1694=ADVANCED_FACE('',(#340),#35,.F.);
#1695=ADVANCED_FACE('',(#341),#36,.F.);
#1696=ADVANCED_FACE('',(#342),#37,.F.);
#1697=ADVANCED_FACE('',(#343),#38,.F.);
#1698=ADVANCED_FACE('',(#344),#39,.F.);
#1699=ADVANCED_FACE('',(#345),#40,.F.);
#1700=ADVANCED_FACE('',(#346),#41,.F.);
#1701=ADVANCED_FACE('',(#347),#42,.F.);
#1702=ADVANCED_FACE('',(#348),#43,.F.);
#1703=ADVANCED_FACE('',(#349),#44,.F.);
#1704=ADVANCED_FACE('',(#350),#45,.F.);
#1705=ADVANCED_FACE('',(#351),#46,.F.);
#1706=ADVANCED_FACE('',(#352),#47,.F.);
#1707=ADVANCED_FACE('',(#353),#48,.F.);
#1708=ADVANCED_FACE('',(#354),#49,.F.);
#1709=ADVANCED_FACE('',(#355),#50,.F.);
#1710=ADVANCED_FACE('',(#356),#51,.F.);
#1711=ADVANCED_FACE('',(#357),#52,.F.);
#1712=ADVANCED_FACE('',(#358),#53,.F.);
#1713=ADVANCED_FACE('',(#359),#54,.F.);
#1714=ADVANCED_FACE('',(#360),#55,.F.);
#1715=ADVANCED_FACE('',(#361),#56,.F.);
#1716=ADVANCED_FACE('',(#362),#57,.F.);
#1717=ADVANCED_FACE('',(#363),#58,.F.);
#1718=ADVANCED_FACE('',(#364),#59,.F.);
#1719=ADVANCED_FACE('',(#365),#60,.F.);
#1720=ADVANCED_FACE('',(#366),#61,.F.);
#1721=ADVANCED_FACE('',(#367),#62,.F.);
#1722=ADVANCED_FACE('',(#368),#63,.F.);
#1723=ADVANCED_FACE('',(#369),#64,.F.);
#1724=ADVANCED_FACE('',(#370),#65,.F.);
#1725=ADVANCED_FACE('',(#371),#66,.F.);
#1726=ADVANCED_FACE('',(#372),#67,.F.);
#1727=ADVANCED_FACE('',(#373),#68,.F.);
#1728=ADVANCED_FACE('',(#374),#69,.F.);
#1729=ADVANCED_FACE('',(#375),#70,.F.);
#1730=ADVANCED_FACE('',(#376),#71,.F.);
#1731=ADVANCED_FACE('',(#377),#72,.F.);
#1732=ADVANCED_FACE('',(#378),#73,.F.);
#1733=ADVANCED_FACE('',(#379),#74,.F.);
#1734=ADVANCED_FACE('',(#380),#75,.F.);
#1735=ADVANCED_FACE('',(#381),#76,.F.);
#1736=ADVANCED_FACE('',(#382),#77,.F.);
#1737=ADVANCED_FACE('',(#383),#78,.F.);
#1738=ADVANCED_FACE('',(#384),#79,.F.);
#1739=ADVANCED_FACE('',(#385),#80,.F.);
#1740=ADVANCED_FACE('',(#386),#81,.F.);
#1741=ADVANCED_FACE('',(#387),#82,.F.);
#1742=ADVANCED_FACE('',(#388),#83,.F.);
#1743=ADVANCED_FACE('',(#389),#84,.F.);
#1744=ADVANCED_FACE('',(#390),#85,.F.);
#1745=ADVANCED_FACE('',(#391),#86,.T.);
#1746=ADVANCED_FACE('',(#392),#1669,.T.);
#1747=ADVANCED_FACE('',(#393),#1670,.F.);
#1748=ADVANCED_FACE('',(#394),#1671,.F.);
#1749=ADVANCED_FACE('',(#395),#1672,.T.);
#1750=ADVANCED_FACE('',(#396),#1673,.T.);
#1751=ADVANCED_FACE('',(#397),#1674,.T.);
#1752=ADVANCED_FACE('',(#398),#87,.F.);
#1753=ADVANCED_FACE('',(#399),#88,.F.);
#1754=ADVANCED_FACE('',(#400),#1675,.T.);
#1755=ADVANCED_FACE('',(#401),#1676,.T.);
#1756=ADVANCED_FACE('',(#402),#89,.F.);
#1757=ADVANCED_FACE('',(#403),#90,.F.);
#1758=ADVANCED_FACE('',(#404),#1677,.T.);
#1759=ADVANCED_FACE('',(#405),#1678,.T.);
#1760=ADVANCED_FACE('',(#406),#1679,.T.);
#1761=ADVANCED_FACE('',(#407),#1680,.T.);
#1762=ADVANCED_FACE('',(#408,#201,#202,#203,#204),#1681,.T.);
#1763=ADVANCED_FACE('',(#409,#205),#1682,.T.);
#1764=ADVANCED_FACE('',(#410,#206,#207,#208,#209),#1683,.F.);
#1765=CLOSED_SHELL('',(#1684,#1685,#1686,#1687,#1688,#1689,#1690,#1691,
#1692,#1693,#1694,#1695,#1696,#1697,#1698,#1699,#1700,#1701,#1702,#1703,
#1704,#1705,#1706,#1707,#1708,#1709,#1710,#1711,#1712,#1713,#1714,#1715,
#1716,#1717,#1718,#1719,#1720,#1721,#1722,#1723,#1724,#1725,#1726,#1727,
#1728,#1729,#1730,#1731,#1732,#1733,#1734,#1735,#1736,#1737,#1738,#1739,
#1740,#1741,#1742,#1743,#1744));
#1766=CLOSED_SHELL('',(#1745,#1746,#1747,#1748,#1749,#1750,#1751,#1752,
#1753,#1754,#1755,#1756,#1757,#1758,#1759,#1760,#1761,#1762,#1763,#1764));
#1767=DERIVED_UNIT_ELEMENT(#1771,1.);
#1768=DERIVED_UNIT_ELEMENT(#3001,-3.);
#1769=DERIVED_UNIT_ELEMENT(#1771,1.);
#1770=DERIVED_UNIT_ELEMENT(#3001,-3.);
#1771=(
MASS_UNIT()
NAMED_UNIT(*)
SI_UNIT(.KILO.,.GRAM.)
);
#1772=DERIVED_UNIT((#1767,#1768));
#1773=DERIVED_UNIT((#1769,#1770));
#1774=MEASURE_REPRESENTATION_ITEM('density measure',
POSITIVE_RATIO_MEASURE(7850.),#1772);
#1775=MEASURE_REPRESENTATION_ITEM('density measure',
POSITIVE_RATIO_MEASURE(7850.),#1773);
#1776=PROPERTY_DEFINITION_REPRESENTATION(#1786,#1780);
#1777=PROPERTY_DEFINITION_REPRESENTATION(#1787,#1781);
#1778=PROPERTY_DEFINITION_REPRESENTATION(#1788,#1782);
#1779=PROPERTY_DEFINITION_REPRESENTATION(#1789,#1783);
#1780=REPRESENTATION('material name',(#1784),#2997);
#1781=REPRESENTATION('density',(#1774),#2997);
#1782=REPRESENTATION('material name',(#1785),#2998);
#1783=REPRESENTATION('density',(#1775),#2998);
#1784=DESCRIPTIVE_REPRESENTATION_ITEM('Steel','Steel');
#1785=DESCRIPTIVE_REPRESENTATION_ITEM('Steel','Steel');
#1786=PROPERTY_DEFINITION('material property','material name',#3022);
#1787=PROPERTY_DEFINITION('material property','density of part',#3022);
#1788=PROPERTY_DEFINITION('material property','material name',#3023);
#1789=PROPERTY_DEFINITION('material property','density of part',#3023);
#1790=AXIS2_PLACEMENT_3D('',#2522,#1998,#1999);
#1791=AXIS2_PLACEMENT_3D('',#2523,#2000,#2001);
#1792=AXIS2_PLACEMENT_3D('',#2524,#2002,#2003);
#1793=AXIS2_PLACEMENT_3D('',#2525,#2004,#2005);
#1794=AXIS2_PLACEMENT_3D('',#2534,#2010,#2011);
#1795=AXIS2_PLACEMENT_3D('',#2540,#2015,#2016);
#1796=AXIS2_PLACEMENT_3D('',#2546,#2020,#2021);
#1797=AXIS2_PLACEMENT_3D('',#2549,#2023,#2024);
#1798=AXIS2_PLACEMENT_3D('',#2551,#2025,#2026);
#1799=AXIS2_PLACEMENT_3D('',#2553,#2027,#2028);
#1800=AXIS2_PLACEMENT_3D('',#2555,#2029,#2030);
#1801=AXIS2_PLACEMENT_3D('',#2557,#2031,#2032);
#1802=AXIS2_PLACEMENT_3D('',#2559,#2033,#2034);
#1803=AXIS2_PLACEMENT_3D('',#2561,#2035,#2036);
#1804=AXIS2_PLACEMENT_3D('',#2563,#2037,#2038);
#1805=AXIS2_PLACEMENT_3D('',#2565,#2039,#2040);
#1806=AXIS2_PLACEMENT_3D('',#2567,#2041,#2042);
#1807=AXIS2_PLACEMENT_3D('',#2569,#2043,#2044);
#1808=AXIS2_PLACEMENT_3D('',#2571,#2045,#2046);
#1809=AXIS2_PLACEMENT_3D('',#2573,#2047,#2048);
#1810=AXIS2_PLACEMENT_3D('',#2575,#2049,#2050);
#1811=AXIS2_PLACEMENT_3D('',#2577,#2051,#2052);
#1812=AXIS2_PLACEMENT_3D('',#2579,#2053,#2054);
#1813=AXIS2_PLACEMENT_3D('',#2581,#2055,#2056);
#1814=AXIS2_PLACEMENT_3D('',#2583,#2057,#2058);
#1815=AXIS2_PLACEMENT_3D('',#2585,#2059,#2060);
#1816=AXIS2_PLACEMENT_3D('',#2587,#2061,#2062);
#1817=AXIS2_PLACEMENT_3D('',#2589,#2063,#2064);
#1818=AXIS2_PLACEMENT_3D('',#2591,#2065,#2066);
#1819=AXIS2_PLACEMENT_3D('',#2593,#2067,#2068);
#1820=AXIS2_PLACEMENT_3D('',#2595,#2069,#2070);
#1821=AXIS2_PLACEMENT_3D('',#2597,#2071,#2072);
#1822=AXIS2_PLACEMENT_3D('',#2599,#2073,#2074);
#1823=AXIS2_PLACEMENT_3D('',#2601,#2075,#2076);
#1824=AXIS2_PLACEMENT_3D('',#2603,#2077,#2078);
#1825=AXIS2_PLACEMENT_3D('',#2605,#2079,#2080);
#1826=AXIS2_PLACEMENT_3D('',#2607,#2081,#2082);
#1827=AXIS2_PLACEMENT_3D('',#2609,#2083,#2084);
#1828=AXIS2_PLACEMENT_3D('',#2611,#2085,#2086);
#1829=AXIS2_PLACEMENT_3D('',#2613,#2087,#2088);
#1830=AXIS2_PLACEMENT_3D('',#2615,#2089,#2090);
#1831=AXIS2_PLACEMENT_3D('',#2617,#2091,#2092);
#1832=AXIS2_PLACEMENT_3D('',#2619,#2093,#2094);
#1833=AXIS2_PLACEMENT_3D('',#2621,#2095,#2096);
#1834=AXIS2_PLACEMENT_3D('',#2623,#2097,#2098);
#1835=AXIS2_PLACEMENT_3D('',#2625,#2099,#2100);
#1836=AXIS2_PLACEMENT_3D('',#2627,#2101,#2102);
#1837=AXIS2_PLACEMENT_3D('',#2629,#2103,#2104);
#1838=AXIS2_PLACEMENT_3D('',#2631,#2105,#2106);
#1839=AXIS2_PLACEMENT_3D('',#2633,#2107,#2108);
#1840=AXIS2_PLACEMENT_3D('',#2635,#2109,#2110);
#1841=AXIS2_PLACEMENT_3D('',#2637,#2111,#2112);
#1842=AXIS2_PLACEMENT_3D('',#2639,#2113,#2114);
#1843=AXIS2_PLACEMENT_3D('',#2641,#2115,#2116);
#1844=AXIS2_PLACEMENT_3D('',#2643,#2117,#2118);
#1845=AXIS2_PLACEMENT_3D('',#2645,#2119,#2120);
#1846=AXIS2_PLACEMENT_3D('',#2647,#2121,#2122);
#1847=AXIS2_PLACEMENT_3D('',#2649,#2123,#2124);
#1848=AXIS2_PLACEMENT_3D('',#2651,#2125,#2126);
#1849=AXIS2_PLACEMENT_3D('',#2653,#2127,#2128);
#1850=AXIS2_PLACEMENT_3D('',#2655,#2129,#2130);
#1851=AXIS2_PLACEMENT_3D('',#2657,#2131,#2132);
#1852=AXIS2_PLACEMENT_3D('',#2658,#2133,#2134);
#1853=AXIS2_PLACEMENT_3D('',#2661,#2136,#2137);
#1854=AXIS2_PLACEMENT_3D('',#2663,#2138,#2139);
#1855=AXIS2_PLACEMENT_3D('',#2665,#2140,#2141);
#1856=AXIS2_PLACEMENT_3D('',#2667,#2142,#2143);
#1857=AXIS2_PLACEMENT_3D('',#2669,#2144,#2145);
#1858=AXIS2_PLACEMENT_3D('',#2671,#2146,#2147);
#1859=AXIS2_PLACEMENT_3D('',#2673,#2148,#2149);
#1860=AXIS2_PLACEMENT_3D('',#2675,#2150,#2151);
#1861=AXIS2_PLACEMENT_3D('',#2677,#2152,#2153);
#1862=AXIS2_PLACEMENT_3D('',#2679,#2154,#2155);
#1863=AXIS2_PLACEMENT_3D('',#2681,#2156,#2157);
#1864=AXIS2_PLACEMENT_3D('',#2683,#2158,#2159);
#1865=AXIS2_PLACEMENT_3D('',#2685,#2160,#2161);
#1866=AXIS2_PLACEMENT_3D('',#2687,#2162,#2163);
#1867=AXIS2_PLACEMENT_3D('',#2689,#2164,#2165);
#1868=AXIS2_PLACEMENT_3D('',#2691,#2166,#2167);
#1869=AXIS2_PLACEMENT_3D('',#2693,#2168,#2169);
#1870=AXIS2_PLACEMENT_3D('',#2695,#2170,#2171);
#1871=AXIS2_PLACEMENT_3D('',#2697,#2172,#2173);
#1872=AXIS2_PLACEMENT_3D('',#2699,#2174,#2175);
#1873=AXIS2_PLACEMENT_3D('',#2701,#2176,#2177);
#1874=AXIS2_PLACEMENT_3D('',#2703,#2178,#2179);
#1875=AXIS2_PLACEMENT_3D('',#2705,#2180,#2181);
#1876=AXIS2_PLACEMENT_3D('',#2707,#2182,#2183);
#1877=AXIS2_PLACEMENT_3D('',#2709,#2184,#2185);
#1878=AXIS2_PLACEMENT_3D('',#2711,#2186,#2187);
#1879=AXIS2_PLACEMENT_3D('',#2713,#2188,#2189);
#1880=AXIS2_PLACEMENT_3D('',#2715,#2190,#2191);
#1881=AXIS2_PLACEMENT_3D('',#2717,#2192,#2193);
#1882=AXIS2_PLACEMENT_3D('',#2719,#2194,#2195);
#1883=AXIS2_PLACEMENT_3D('',#2721,#2196,#2197);
#1884=AXIS2_PLACEMENT_3D('',#2723,#2198,#2199);
#1885=AXIS2_PLACEMENT_3D('',#2725,#2200,#2201);
#1886=AXIS2_PLACEMENT_3D('',#2727,#2202,#2203);
#1887=AXIS2_PLACEMENT_3D('',#2729,#2204,#2205);
#1888=AXIS2_PLACEMENT_3D('',#2731,#2206,#2207);
#1889=AXIS2_PLACEMENT_3D('',#2733,#2208,#2209);
#1890=AXIS2_PLACEMENT_3D('',#2735,#2210,#2211);
#1891=AXIS2_PLACEMENT_3D('',#2737,#2212,#2213);
#1892=AXIS2_PLACEMENT_3D('',#2739,#2214,#2215);
#1893=AXIS2_PLACEMENT_3D('',#2741,#2216,#2217);
#1894=AXIS2_PLACEMENT_3D('',#2743,#2218,#2219);
#1895=AXIS2_PLACEMENT_3D('',#2745,#2220,#2221);
#1896=AXIS2_PLACEMENT_3D('',#2747,#2222,#2223);
#1897=AXIS2_PLACEMENT_3D('',#2749,#2224,#2225);
#1898=AXIS2_PLACEMENT_3D('',#2751,#2226,#2227);
#1899=AXIS2_PLACEMENT_3D('',#2753,#2228,#2229);
#1900=AXIS2_PLACEMENT_3D('',#2755,#2230,#2231);
#1901=AXIS2_PLACEMENT_3D('',#2757,#2232,#2233);
#1902=AXIS2_PLACEMENT_3D('',#2759,#2234,#2235);
#1903=AXIS2_PLACEMENT_3D('',#2761,#2236,#2237);
#1904=AXIS2_PLACEMENT_3D('',#2763,#2238,#2239);
#1905=AXIS2_PLACEMENT_3D('',#2765,#2240,#2241);
#1906=AXIS2_PLACEMENT_3D('',#2767,#2242,#2243);
#1907=AXIS2_PLACEMENT_3D('',#2769,#2244,#2245);
#1908=AXIS2_PLACEMENT_3D('',#2770,#2246,#2247);
#1909=AXIS2_PLACEMENT_3D('',#2771,#2248,#2249);
#1910=AXIS2_PLACEMENT_3D('',#2773,#2251,#2252);
#1911=AXIS2_PLACEMENT_3D('',#2775,#2254,#2255);
#1912=AXIS2_PLACEMENT_3D('',#2777,#2257,#2258);
#1913=AXIS2_PLACEMENT_3D('',#2779,#2260,#2261);
#1914=AXIS2_PLACEMENT_3D('',#2781,#2263,#2264);
#1915=AXIS2_PLACEMENT_3D('',#2783,#2266,#2267);
#1916=AXIS2_PLACEMENT_3D('',#2785,#2269,#2270);
#1917=AXIS2_PLACEMENT_3D('',#2787,#2272,#2273);
#1918=AXIS2_PLACEMENT_3D('',#2789,#2275,#2276);
#1919=AXIS2_PLACEMENT_3D('',#2791,#2278,#2279);
#1920=AXIS2_PLACEMENT_3D('',#2793,#2281,#2282);
#1921=AXIS2_PLACEMENT_3D('',#2795,#2284,#2285);
#1922=AXIS2_PLACEMENT_3D('',#2797,#2287,#2288);
#1923=AXIS2_PLACEMENT_3D('',#2799,#2290,#2291);
#1924=AXIS2_PLACEMENT_3D('',#2801,#2293,#2294);
#1925=AXIS2_PLACEMENT_3D('',#2803,#2296,#2297);
#1926=AXIS2_PLACEMENT_3D('',#2805,#2299,#2300);
#1927=AXIS2_PLACEMENT_3D('',#2807,#2302,#2303);
#1928=AXIS2_PLACEMENT_3D('',#2809,#2305,#2306);
#1929=AXIS2_PLACEMENT_3D('',#2811,#2308,#2309);
#1930=AXIS2_PLACEMENT_3D('',#2813,#2311,#2312);
#1931=AXIS2_PLACEMENT_3D('',#2815,#2314,#2315);
#1932=AXIS2_PLACEMENT_3D('',#2817,#2317,#2318);
#1933=AXIS2_PLACEMENT_3D('',#2819,#2320,#2321);
#1934=AXIS2_PLACEMENT_3D('',#2821,#2323,#2324);
#1935=AXIS2_PLACEMENT_3D('',#2823,#2326,#2327);
#1936=AXIS2_PLACEMENT_3D('',#2825,#2329,#2330);
#1937=AXIS2_PLACEMENT_3D('',#2827,#2332,#2333);
#1938=AXIS2_PLACEMENT_3D('',#2829,#2335,#2336);
#1939=AXIS2_PLACEMENT_3D('',#2831,#2338,#2339);
#1940=AXIS2_PLACEMENT_3D('',#2833,#2341,#2342);
#1941=AXIS2_PLACEMENT_3D('',#2835,#2344,#2345);
#1942=AXIS2_PLACEMENT_3D('',#2837,#2347,#2348);
#1943=AXIS2_PLACEMENT_3D('',#2839,#2350,#2351);
#1944=AXIS2_PLACEMENT_3D('',#2841,#2353,#2354);
#1945=AXIS2_PLACEMENT_3D('',#2843,#2356,#2357);
#1946=AXIS2_PLACEMENT_3D('',#2845,#2359,#2360);
#1947=AXIS2_PLACEMENT_3D('',#2847,#2362,#2363);
#1948=AXIS2_PLACEMENT_3D('',#2849,#2365,#2366);
#1949=AXIS2_PLACEMENT_3D('',#2851,#2368,#2369);
#1950=AXIS2_PLACEMENT_3D('',#2853,#2371,#2372);
#1951=AXIS2_PLACEMENT_3D('',#2855,#2374,#2375);
#1952=AXIS2_PLACEMENT_3D('',#2857,#2377,#2378);
#1953=AXIS2_PLACEMENT_3D('',#2859,#2380,#2381);
#1954=AXIS2_PLACEMENT_3D('',#2861,#2383,#2384);
#1955=AXIS2_PLACEMENT_3D('',#2863,#2386,#2387);
#1956=AXIS2_PLACEMENT_3D('',#2865,#2389,#2390);
#1957=AXIS2_PLACEMENT_3D('',#2867,#2392,#2393);
#1958=AXIS2_PLACEMENT_3D('',#2869,#2395,#2396);
#1959=AXIS2_PLACEMENT_3D('',#2871,#2398,#2399);
#1960=AXIS2_PLACEMENT_3D('',#2873,#2401,#2402);
#1961=AXIS2_PLACEMENT_3D('',#2875,#2404,#2405);
#1962=AXIS2_PLACEMENT_3D('',#2877,#2407,#2408);
#1963=AXIS2_PLACEMENT_3D('',#2879,#2410,#2411);
#1964=AXIS2_PLACEMENT_3D('',#2881,#2413,#2414);
#1965=AXIS2_PLACEMENT_3D('',#2882,#2415,#2416);
#1966=AXIS2_PLACEMENT_3D('',#2883,#2417,#2418);
#1967=AXIS2_PLACEMENT_3D('',#2885,#2419,#2420);
#1968=AXIS2_PLACEMENT_3D('',#2888,#2422,#2423);
#1969=AXIS2_PLACEMENT_3D('',#2889,#2424,#2425);
#1970=AXIS2_PLACEMENT_3D('',#2890,#2426,#2427);
#1971=AXIS2_PLACEMENT_3D('',#2899,#2432,#2433);
#1972=AXIS2_PLACEMENT_3D('',#2908,#2438,#2439);
#1973=AXIS2_PLACEMENT_3D('',#2914,#2443,#2444);
#1974=AXIS2_PLACEMENT_3D('',#2920,#2448,#2449);
#1975=AXIS2_PLACEMENT_3D('',#2926,#2453,#2454);
#1976=AXIS2_PLACEMENT_3D('',#2928,#2455,#2456);
#1977=AXIS2_PLACEMENT_3D('',#2931,#2458,#2459);
#1978=AXIS2_PLACEMENT_3D('',#2932,#2460,#2461);
#1979=AXIS2_PLACEMENT_3D('',#2934,#2462,#2463);
#1980=AXIS2_PLACEMENT_3D('',#2937,#2465,#2466);
#1981=AXIS2_PLACEMENT_3D('',#2938,#2467,#2468);
#1982=AXIS2_PLACEMENT_3D('',#2944,#2472,#2473);
#1983=AXIS2_PLACEMENT_3D('',#2947,#2476,#2477);
#1984=AXIS2_PLACEMENT_3D('',#2949,#2478,#2479);
#1985=AXIS2_PLACEMENT_3D('',#2952,#2481,#2482);
#1986=AXIS2_PLACEMENT_3D('',#2953,#2483,#2484);
#1987=AXIS2_PLACEMENT_3D('',#2955,#2485,#2486);
#1988=AXIS2_PLACEMENT_3D('',#2958,#2488,#2489);
#1989=AXIS2_PLACEMENT_3D('',#2959,#2490,#2491);
#1990=AXIS2_PLACEMENT_3D('',#2968,#2496,#2497);
#1991=AXIS2_PLACEMENT_3D('',#2974,#2501,#2502);
#1992=AXIS2_PLACEMENT_3D('',#2982,#2508,#2509);
#1993=AXIS2_PLACEMENT_3D('',#2985,#2512,#2513);
#1994=AXIS2_PLACEMENT_3D('',#2986,#2514,#2515);
#1995=AXIS2_PLACEMENT_3D('',#2987,#2516,#2517);
#1996=AXIS2_PLACEMENT_3D('',#2988,#2518,#2519);
#1997=AXIS2_PLACEMENT_3D('',#2989,#2520,#2521);
#1998=DIRECTION('axis',(0.,0.,1.));
#1999=DIRECTION('refdir',(1.,0.,0.));
#2000=DIRECTION('axis',(0.,0.,1.));
#2001=DIRECTION('refdir',(1.,0.,0.));
#2002=DIRECTION('axis',(0.,0.,1.));
#2003=DIRECTION('refdir',(1.,0.,0.));
#2004=DIRECTION('center_axis',(0.,-1.,0.));
#2005=DIRECTION('ref_axis',(-1.,0.,0.));
#2006=DIRECTION('',(0.,0.,1.));
#2007=DIRECTION('',(-1.,0.,0.));
#2008=DIRECTION('',(0.,0.,1.));
#2009=DIRECTION('',(-1.,0.,0.));
#2010=DIRECTION('center_axis',(1.,0.,0.));
#2011=DIRECTION('ref_axis',(0.,-1.,0.));
#2012=DIRECTION('',(0.,0.,1.));
#2013=DIRECTION('',(0.,-1.,0.));
#2014=DIRECTION('',(0.,-1.,0.));
#2015=DIRECTION('center_axis',(-1.,0.,0.));
#2016=DIRECTION('ref_axis',(0.,1.,0.));
#2017=DIRECTION('',(0.,1.,0.));
#2018=DIRECTION('',(0.,0.,1.));
#2019=DIRECTION('',(0.,1.,0.));
#2020=DIRECTION('center_axis',(0.,0.,1.));
#2021=DIRECTION('ref_axis',(1.,0.,0.));
#2022=DIRECTION('',(1.,0.,0.));
#2023=DIRECTION('center_axis',(0.,0.,-1.));
#2024=DIRECTION('ref_axis',(1.671865260612E-14,-1.,0.));
#2025=DIRECTION('center_axis',(0.,0.,-1.));
#2026=DIRECTION('ref_axis',(0.,-1.,0.));
#2027=DIRECTION('center_axis',(0.,0.,-1.));
#2028=DIRECTION('ref_axis',(0.,-1.,0.));
#2029=DIRECTION('center_axis',(0.,0.,-1.));
#2030=DIRECTION('ref_axis',(0.,-1.,0.));
#2031=DIRECTION('center_axis',(0.,0.,-1.));
#2032=DIRECTION('ref_axis',(0.,-1.,0.));
#2033=DIRECTION('center_axis',(0.,0.,-1.));
#2034=DIRECTION('ref_axis',(0.,-1.,0.));
#2035=DIRECTION('center_axis',(0.,0.,-1.));
#2036=DIRECTION('ref_axis',(0.,-1.,0.));
#2037=DIRECTION('center_axis',(0.,0.,-1.));
#2038=DIRECTION('ref_axis',(0.,-1.,0.));
#2039=DIRECTION('center_axis',(0.,0.,-1.));
#2040=DIRECTION('ref_axis',(0.,-1.,0.));
#2041=DIRECTION('center_axis',(0.,0.,-1.));
#2042=DIRECTION('ref_axis',(0.,-1.,0.));
#2043=DIRECTION('center_axis',(0.,0.,-1.));
#2044=DIRECTION('ref_axis',(0.,-1.,0.));
#2045=DIRECTION('center_axis',(0.,0.,-1.));
#2046=DIRECTION('ref_axis',(1.671865260612E-14,-1.,0.));
#2047=DIRECTION('center_axis',(0.,0.,-1.));
#2048=DIRECTION('ref_axis',(0.,-1.,0.));
#2049=DIRECTION('center_axis',(0.,0.,-1.));
#2050=DIRECTION('ref_axis',(0.,-1.,0.));
#2051=DIRECTION('center_axis',(0.,0.,-1.));
#2052=DIRECTION('ref_axis',(0.,-1.,0.));
#2053=DIRECTION('center_axis',(0.,0.,-1.));
#2054=DIRECTION('ref_axis',(0.,-1.,0.));
#2055=DIRECTION('center_axis',(0.,0.,-1.));
#2056=DIRECTION('ref_axis',(0.,-1.,0.));
#2057=DIRECTION('center_axis',(0.,0.,-1.));
#2058=DIRECTION('ref_axis',(0.,-1.,0.));
#2059=DIRECTION('center_axis',(0.,0.,-1.));
#2060=DIRECTION('ref_axis',(0.,-1.,0.));
#2061=DIRECTION('center_axis',(0.,0.,-1.));
#2062=DIRECTION('ref_axis',(0.,-1.,0.));
#2063=DIRECTION('center_axis',(0.,0.,-1.));
#2064=DIRECTION('ref_axis',(0.,-1.,0.));
#2065=DIRECTION('center_axis',(0.,0.,-1.));
#2066=DIRECTION('ref_axis',(0.,-1.,0.));
#2067=DIRECTION('center_axis',(0.,0.,-1.));
#2068=DIRECTION('ref_axis',(0.,-1.,0.));
#2069=DIRECTION('center_axis',(0.,0.,-1.));
#2070=DIRECTION('ref_axis',(0.,-1.,0.));
#2071=DIRECTION('center_axis',(0.,0.,-1.));
#2072=DIRECTION('ref_axis',(0.,-1.,0.));
#2073=DIRECTION('center_axis',(0.,0.,-1.));
#2074=DIRECTION('ref_axis',(0.,-1.,0.));
#2075=DIRECTION('center_axis',(0.,0.,-1.));
#2076=DIRECTION('ref_axis',(0.,-1.,0.));
#2077=DIRECTION('center_axis',(0.,0.,-1.));
#2078=DIRECTION('ref_axis',(0.,-1.,0.));
#2079=DIRECTION('center_axis',(0.,0.,-1.));
#2080=DIRECTION('ref_axis',(0.,-1.,0.));
#2081=DIRECTION('center_axis',(0.,0.,-1.));
#2082=DIRECTION('ref_axis',(0.,-1.,0.));
#2083=DIRECTION('center_axis',(0.,0.,-1.));
#2084=DIRECTION('ref_axis',(0.,-1.,0.));
#2085=DIRECTION('center_axis',(0.,0.,-1.));
#2086=DIRECTION('ref_axis',(0.,-1.,0.));
#2087=DIRECTION('center_axis',(0.,0.,-1.));
#2088=DIRECTION('ref_axis',(0.,-1.,0.));
#2089=DIRECTION('center_axis',(0.,0.,-1.));
#2090=DIRECTION('ref_axis',(0.,-1.,0.));
#2091=DIRECTION('center_axis',(0.,0.,-1.));
#2092=DIRECTION('ref_axis',(0.,-1.,0.));
#2093=DIRECTION('center_axis',(0.,0.,-1.));
#2094=DIRECTION('ref_axis',(0.,-1.,0.));
#2095=DIRECTION('center_axis',(0.,0.,-1.));
#2096=DIRECTION('ref_axis',(0.,-1.,0.));
#2097=DIRECTION('center_axis',(0.,0.,-1.));
#2098=DIRECTION('ref_axis',(0.,-1.,0.));
#2099=DIRECTION('center_axis',(0.,0.,-1.));
#2100=DIRECTION('ref_axis',(0.,-1.,0.));
#2101=DIRECTION('center_axis',(0.,0.,-1.));
#2102=DIRECTION('ref_axis',(0.,-1.,0.));
#2103=DIRECTION('center_axis',(0.,0.,-1.));
#2104=DIRECTION('ref_axis',(0.,-1.,0.));
#2105=DIRECTION('center_axis',(0.,0.,-1.));
#2106=DIRECTION('ref_axis',(0.,-1.,0.));
#2107=DIRECTION('center_axis',(0.,0.,-1.));
#2108=DIRECTION('ref_axis',(0.,-1.,0.));
#2109=DIRECTION('center_axis',(0.,0.,-1.));
#2110=DIRECTION('ref_axis',(0.,-1.,0.));
#2111=DIRECTION('center_axis',(0.,0.,-1.));
#2112=DIRECTION('ref_axis',(0.,-1.,0.));
#2113=DIRECTION('center_axis',(0.,0.,-1.));
#2114=DIRECTION('ref_axis',(0.,-1.,0.));
#2115=DIRECTION('center_axis',(0.,0.,-1.));
#2116=DIRECTION('ref_axis',(0.,-1.,0.));
#2117=DIRECTION('center_axis',(0.,0.,-1.));
#2118=DIRECTION('ref_axis',(0.,-1.,0.));
#2119=DIRECTION('center_axis',(0.,0.,-1.));
#2120=DIRECTION('ref_axis',(0.,-1.,0.));
#2121=DIRECTION('center_axis',(0.,0.,-1.));
#2122=DIRECTION('ref_axis',(0.,-1.,0.));
#2123=DIRECTION('center_axis',(0.,0.,-1.));
#2124=DIRECTION('ref_axis',(0.,-1.,0.));
#2125=DIRECTION('center_axis',(0.,0.,-1.));
#2126=DIRECTION('ref_axis',(0.,-1.,0.));
#2127=DIRECTION('center_axis',(0.,0.,-1.));
#2128=DIRECTION('ref_axis',(0.,-1.,0.));
#2129=DIRECTION('center_axis',(0.,0.,-1.));
#2130=DIRECTION('ref_axis',(0.,-1.,0.));
#2131=DIRECTION('center_axis',(0.,0.,-1.));
#2132=DIRECTION('ref_axis',(0.,-1.,0.));
#2133=DIRECTION('center_axis',(0.,0.,1.));
#2134=DIRECTION('ref_axis',(1.,0.,0.));
#2135=DIRECTION('',(1.,0.,0.));
#2136=DIRECTION('center_axis',(0.,0.,-1.));
#2137=DIRECTION('ref_axis',(1.671865260612E-14,-1.,0.));
#2138=DIRECTION('center_axis',(0.,0.,-1.));
#2139=DIRECTION('ref_axis',(0.,-1.,0.));
#2140=DIRECTION('center_axis',(0.,0.,-1.));
#2141=DIRECTION('ref_axis',(0.,-1.,0.));
#2142=DIRECTION('center_axis',(0.,0.,-1.));
#2143=DIRECTION('ref_axis',(0.,-1.,0.));
#2144=DIRECTION('center_axis',(0.,0.,-1.));
#2145=DIRECTION('ref_axis',(0.,-1.,0.));
#2146=DIRECTION('center_axis',(0.,0.,-1.));
#2147=DIRECTION('ref_axis',(0.,-1.,0.));
#2148=DIRECTION('center_axis',(0.,0.,-1.));
#2149=DIRECTION('ref_axis',(0.,-1.,0.));
#2150=DIRECTION('center_axis',(0.,0.,-1.));
#2151=DIRECTION('ref_axis',(0.,-1.,0.));
#2152=DIRECTION('center_axis',(0.,0.,-1.));
#2153=DIRECTION('ref_axis',(0.,-1.,0.));
#2154=DIRECTION('center_axis',(0.,0.,-1.));
#2155=DIRECTION('ref_axis',(0.,-1.,0.));
#2156=DIRECTION('center_axis',(0.,0.,-1.));
#2157=DIRECTION('ref_axis',(0.,-1.,0.));
#2158=DIRECTION('center_axis',(0.,0.,-1.));
#2159=DIRECTION('ref_axis',(1.671865260612E-14,-1.,0.));
#2160=DIRECTION('center_axis',(0.,0.,-1.));
#2161=DIRECTION('ref_axis',(0.,-1.,0.));
#2162=DIRECTION('center_axis',(0.,0.,-1.));
#2163=DIRECTION('ref_axis',(0.,-1.,0.));
#2164=DIRECTION('center_axis',(0.,0.,-1.));
#2165=DIRECTION('ref_axis',(0.,-1.,0.));
#2166=DIRECTION('center_axis',(0.,0.,-1.));
#2167=DIRECTION('ref_axis',(0.,-1.,0.));
#2168=DIRECTION('center_axis',(0.,0.,-1.));
#2169=DIRECTION('ref_axis',(0.,-1.,0.));
#2170=DIRECTION('center_axis',(0.,0.,-1.));
#2171=DIRECTION('ref_axis',(0.,-1.,0.));
#2172=DIRECTION('center_axis',(0.,0.,-1.));
#2173=DIRECTION('ref_axis',(0.,-1.,0.));
#2174=DIRECTION('center_axis',(0.,0.,-1.));
#2175=DIRECTION('ref_axis',(0.,-1.,0.));
#2176=DIRECTION('center_axis',(0.,0.,-1.));
#2177=DIRECTION('ref_axis',(0.,-1.,0.));
#2178=DIRECTION('center_axis',(0.,0.,-1.));
#2179=DIRECTION('ref_axis',(0.,-1.,0.));
#2180=DIRECTION('center_axis',(0.,0.,-1.));
#2181=DIRECTION('ref_axis',(0.,-1.,0.));
#2182=DIRECTION('center_axis',(0.,0.,-1.));
#2183=DIRECTION('ref_axis',(0.,-1.,0.));
#2184=DIRECTION('center_axis',(0.,0.,-1.));
#2185=DIRECTION('ref_axis',(0.,-1.,0.));
#2186=DIRECTION('center_axis',(0.,0.,-1.));
#2187=DIRECTION('ref_axis',(0.,-1.,0.));
#2188=DIRECTION('center_axis',(0.,0.,-1.));
#2189=DIRECTION('ref_axis',(0.,-1.,0.));
#2190=DIRECTION('center_axis',(0.,0.,-1.));
#2191=DIRECTION('ref_axis',(0.,-1.,0.));
#2192=DIRECTION('center_axis',(0.,0.,-1.));
#2193=DIRECTION('ref_axis',(0.,-1.,0.));
#2194=DIRECTION('center_axis',(0.,0.,-1.));
#2195=DIRECTION('ref_axis',(0.,-1.,0.));
#2196=DIRECTION('center_axis',(0.,0.,-1.));
#2197=DIRECTION('ref_axis',(0.,-1.,0.));
#2198=DIRECTION('center_axis',(0.,0.,-1.));
#2199=DIRECTION('ref_axis',(0.,-1.,0.));
#2200=DIRECTION('center_axis',(0.,0.,-1.));
#2201=DIRECTION('ref_axis',(0.,-1.,0.));
#2202=DIRECTION('center_axis',(0.,0.,-1.));
#2203=DIRECTION('ref_axis',(0.,-1.,0.));
#2204=DIRECTION('center_axis',(0.,0.,-1.));
#2205=DIRECTION('ref_axis',(0.,-1.,0.));
#2206=DIRECTION('center_axis',(0.,0.,-1.));
#2207=DIRECTION('ref_axis',(0.,-1.,0.));
#2208=DIRECTION('center_axis',(0.,0.,-1.));
#2209=DIRECTION('ref_axis',(0.,-1.,0.));
#2210=DIRECTION('center_axis',(0.,0.,-1.));
#2211=DIRECTION('ref_axis',(0.,-1.,0.));
#2212=DIRECTION('center_axis',(0.,0.,-1.));
#2213=DIRECTION('ref_axis',(0.,-1.,0.));
#2214=DIRECTION('center_axis',(0.,0.,-1.));
#2215=DIRECTION('ref_axis',(0.,-1.,0.));
#2216=DIRECTION('center_axis',(0.,0.,-1.));
#2217=DIRECTION('ref_axis',(0.,-1.,0.));
#2218=DIRECTION('center_axis',(0.,0.,-1.));
#2219=DIRECTION('ref_axis',(0.,-1.,0.));
#2220=DIRECTION('center_axis',(0.,0.,-1.));
#2221=DIRECTION('ref_axis',(0.,-1.,0.));
#2222=DIRECTION('center_axis',(0.,0.,-1.));
#2223=DIRECTION('ref_axis',(0.,-1.,0.));
#2224=DIRECTION('center_axis',(0.,0.,-1.));
#2225=DIRECTION('ref_axis',(0.,-1.,0.));
#2226=DIRECTION('center_axis',(0.,0.,-1.));
#2227=DIRECTION('ref_axis',(0.,-1.,0.));
#2228=DIRECTION('center_axis',(0.,0.,-1.));
#2229=DIRECTION('ref_axis',(0.,-1.,0.));
#2230=DIRECTION('center_axis',(0.,0.,-1.));
#2231=DIRECTION('ref_axis',(0.,-1.,0.));
#2232=DIRECTION('center_axis',(0.,0.,-1.));
#2233=DIRECTION('ref_axis',(0.,-1.,0.));
#2234=DIRECTION('center_axis',(0.,0.,-1.));
#2235=DIRECTION('ref_axis',(0.,-1.,0.));
#2236=DIRECTION('center_axis',(0.,0.,-1.));
#2237=DIRECTION('ref_axis',(0.,-1.,0.));
#2238=DIRECTION('center_axis',(0.,0.,-1.));
#2239=DIRECTION('ref_axis',(0.,-1.,0.));
#2240=DIRECTION('center_axis',(0.,0.,-1.));
#2241=DIRECTION('ref_axis',(0.,-1.,0.));
#2242=DIRECTION('center_axis',(0.,0.,-1.));
#2243=DIRECTION('ref_axis',(0.,-1.,0.));
#2244=DIRECTION('center_axis',(0.,0.,-1.));
#2245=DIRECTION('ref_axis',(0.,-1.,0.));
#2246=DIRECTION('center_axis',(0.,1.,0.));
#2247=DIRECTION('ref_axis',(1.,0.,0.));
#2248=DIRECTION('center_axis',(0.,0.,-1.));
#2249=DIRECTION('ref_axis',(1.671865260612E-14,-1.,0.));
#2250=DIRECTION('',(0.,0.,-1.));
#2251=DIRECTION('center_axis',(0.,0.,-1.));
#2252=DIRECTION('ref_axis',(0.,-1.,0.));
#2253=DIRECTION('',(0.,0.,-1.));
#2254=DIRECTION('center_axis',(0.,0.,-1.));
#2255=DIRECTION('ref_axis',(0.,-1.,0.));
#2256=DIRECTION('',(0.,0.,-1.));
#2257=DIRECTION('center_axis',(0.,0.,-1.));
#2258=DIRECTION('ref_axis',(0.,-1.,0.));
#2259=DIRECTION('',(0.,0.,-1.));
#2260=DIRECTION('center_axis',(0.,0.,-1.));
#2261=DIRECTION('ref_axis',(0.,-1.,0.));
#2262=DIRECTION('',(0.,0.,-1.));
#2263=DIRECTION('center_axis',(0.,0.,-1.));
#2264=DIRECTION('ref_axis',(0.,-1.,0.));
#2265=DIRECTION('',(0.,0.,-1.));
#2266=DIRECTION('center_axis',(0.,0.,-1.));
#2267=DIRECTION('ref_axis',(0.,-1.,0.));
#2268=DIRECTION('',(0.,0.,-1.));
#2269=DIRECTION('center_axis',(0.,0.,-1.));
#2270=DIRECTION('ref_axis',(0.,-1.,0.));
#2271=DIRECTION('',(0.,0.,-1.));
#2272=DIRECTION('center_axis',(0.,0.,-1.));
#2273=DIRECTION('ref_axis',(0.,-1.,0.));
#2274=DIRECTION('',(0.,0.,-1.));
#2275=DIRECTION('center_axis',(0.,0.,-1.));
#2276=DIRECTION('ref_axis',(0.,-1.,0.));
#2277=DIRECTION('',(0.,0.,-1.));
#2278=DIRECTION('center_axis',(0.,0.,-1.));
#2279=DIRECTION('ref_axis',(0.,-1.,0.));
#2280=DIRECTION('',(0.,0.,-1.));
#2281=DIRECTION('center_axis',(0.,0.,-1.));
#2282=DIRECTION('ref_axis',(1.671865260612E-14,-1.,0.));
#2283=DIRECTION('',(0.,0.,-1.));
#2284=DIRECTION('center_axis',(0.,0.,-1.));
#2285=DIRECTION('ref_axis',(0.,-1.,0.));
#2286=DIRECTION('',(0.,0.,-1.));
#2287=DIRECTION('center_axis',(0.,0.,-1.));
#2288=DIRECTION('ref_axis',(0.,-1.,0.));
#2289=DIRECTION('',(0.,0.,-1.));
#2290=DIRECTION('center_axis',(0.,0.,-1.));
#2291=DIRECTION('ref_axis',(0.,-1.,0.));
#2292=DIRECTION('',(0.,0.,-1.));
#2293=DIRECTION('center_axis',(0.,0.,-1.));
#2294=DIRECTION('ref_axis',(0.,-1.,0.));
#2295=DIRECTION('',(0.,0.,-1.));
#2296=DIRECTION('center_axis',(0.,0.,-1.));
#2297=DIRECTION('ref_axis',(0.,-1.,0.));
#2298=DIRECTION('',(0.,0.,-1.));
#2299=DIRECTION('center_axis',(0.,0.,-1.));
#2300=DIRECTION('ref_axis',(0.,-1.,0.));
#2301=DIRECTION('',(0.,0.,-1.));
#2302=DIRECTION('center_axis',(0.,0.,-1.));
#2303=DIRECTION('ref_axis',(0.,-1.,0.));
#2304=DIRECTION('',(0.,0.,-1.));
#2305=DIRECTION('center_axis',(0.,0.,-1.));
#2306=DIRECTION('ref_axis',(0.,-1.,0.));
#2307=DIRECTION('',(0.,0.,-1.));
#2308=DIRECTION('center_axis',(0.,0.,-1.));
#2309=DIRECTION('ref_axis',(0.,-1.,0.));
#2310=DIRECTION('',(0.,0.,-1.));
#2311=DIRECTION('center_axis',(0.,0.,-1.));
#2312=DIRECTION('ref_axis',(0.,-1.,0.));
#2313=DIRECTION('',(0.,0.,-1.));
#2314=DIRECTION('center_axis',(0.,0.,-1.));
#2315=DIRECTION('ref_axis',(0.,-1.,0.));
#2316=DIRECTION('',(0.,0.,-1.));
#2317=DIRECTION('center_axis',(0.,0.,-1.));
#2318=DIRECTION('ref_axis',(0.,-1.,0.));
#2319=DIRECTION('',(0.,0.,-1.));
#2320=DIRECTION('center_axis',(0.,0.,-1.));
#2321=DIRECTION('ref_axis',(0.,-1.,0.));
#2322=DIRECTION('',(0.,0.,-1.));
#2323=DIRECTION('center_axis',(0.,0.,-1.));
#2324=DIRECTION('ref_axis',(0.,-1.,0.));
#2325=DIRECTION('',(0.,0.,-1.));
#2326=DIRECTION('center_axis',(0.,0.,-1.));
#2327=DIRECTION('ref_axis',(0.,-1.,0.));
#2328=DIRECTION('',(0.,0.,-1.));
#2329=DIRECTION('center_axis',(0.,0.,-1.));
#2330=DIRECTION('ref_axis',(0.,-1.,0.));
#2331=DIRECTION('',(0.,0.,-1.));
#2332=DIRECTION('center_axis',(0.,0.,-1.));
#2333=DIRECTION('ref_axis',(0.,-1.,0.));
#2334=DIRECTION('',(0.,0.,-1.));
#2335=DIRECTION('center_axis',(0.,0.,-1.));
#2336=DIRECTION('ref_axis',(0.,-1.,0.));
#2337=DIRECTION('',(0.,0.,-1.));
#2338=DIRECTION('center_axis',(0.,0.,-1.));
#2339=DIRECTION('ref_axis',(0.,-1.,0.));
#2340=DIRECTION('',(0.,0.,-1.));
#2341=DIRECTION('center_axis',(0.,0.,-1.));
#2342=DIRECTION('ref_axis',(0.,-1.,0.));
#2343=DIRECTION('',(0.,0.,-1.));
#2344=DIRECTION('center_axis',(0.,0.,-1.));
#2345=DIRECTION('ref_axis',(0.,-1.,0.));
#2346=DIRECTION('',(0.,0.,-1.));
#2347=DIRECTION('center_axis',(0.,0.,-1.));
#2348=DIRECTION('ref_axis',(0.,-1.,0.));
#2349=DIRECTION('',(0.,0.,-1.));
#2350=DIRECTION('center_axis',(0.,0.,-1.));
#2351=DIRECTION('ref_axis',(0.,-1.,0.));
#2352=DIRECTION('',(0.,0.,-1.));
#2353=DIRECTION('center_axis',(0.,0.,-1.));
#2354=DIRECTION('ref_axis',(0.,-1.,0.));
#2355=DIRECTION('',(0.,0.,-1.));
#2356=DIRECTION('center_axis',(0.,0.,-1.));
#2357=DIRECTION('ref_axis',(0.,-1.,0.));
#2358=DIRECTION('',(0.,0.,-1.));
#2359=DIRECTION('center_axis',(0.,0.,-1.));
#2360=DIRECTION('ref_axis',(0.,-1.,0.));
#2361=DIRECTION('',(0.,0.,-1.));
#2362=DIRECTION('center_axis',(0.,0.,-1.));
#2363=DIRECTION('ref_axis',(0.,-1.,0.));
#2364=DIRECTION('',(0.,0.,-1.));
#2365=DIRECTION('center_axis',(0.,0.,-1.));
#2366=DIRECTION('ref_axis',(0.,-1.,0.));
#2367=DIRECTION('',(0.,0.,-1.));
#2368=DIRECTION('center_axis',(0.,0.,-1.));
#2369=DIRECTION('ref_axis',(0.,-1.,0.));
#2370=DIRECTION('',(0.,0.,-1.));
#2371=DIRECTION('center_axis',(0.,0.,-1.));
#2372=DIRECTION('ref_axis',(0.,-1.,0.));
#2373=DIRECTION('',(0.,0.,-1.));
#2374=DIRECTION('center_axis',(0.,0.,-1.));
#2375=DIRECTION('ref_axis',(0.,-1.,0.));
#2376=DIRECTION('',(0.,0.,-1.));
#2377=DIRECTION('center_axis',(0.,0.,-1.));
#2378=DIRECTION('ref_axis',(0.,-1.,0.));
#2379=DIRECTION('',(0.,0.,-1.));
#2380=DIRECTION('center_axis',(0.,0.,-1.));
#2381=DIRECTION('ref_axis',(0.,-1.,0.));
#2382=DIRECTION('',(0.,0.,-1.));
#2383=DIRECTION('center_axis',(0.,0.,-1.));
#2384=DIRECTION('ref_axis',(0.,-1.,0.));
#2385=DIRECTION('',(0.,0.,-1.));
#2386=DIRECTION('center_axis',(0.,0.,-1.));
#2387=DIRECTION('ref_axis',(0.,-1.,0.));
#2388=DIRECTION('',(0.,0.,-1.));
#2389=DIRECTION('center_axis',(0.,0.,-1.));
#2390=DIRECTION('ref_axis',(0.,-1.,0.));
#2391=DIRECTION('',(0.,0.,-1.));
#2392=DIRECTION('center_axis',(0.,0.,-1.));
#2393=DIRECTION('ref_axis',(0.,-1.,0.));
#2394=DIRECTION('',(0.,0.,-1.));
#2395=DIRECTION('center_axis',(0.,0.,-1.));
#2396=DIRECTION('ref_axis',(0.,-1.,0.));
#2397=DIRECTION('',(0.,0.,-1.));
#2398=DIRECTION('center_axis',(0.,0.,-1.));
#2399=DIRECTION('ref_axis',(0.,-1.,0.));
#2400=DIRECTION('',(0.,0.,-1.));
#2401=DIRECTION('center_axis',(0.,0.,-1.));
#2402=DIRECTION('ref_axis',(0.,-1.,0.));
#2403=DIRECTION('',(0.,0.,-1.));
#2404=DIRECTION('center_axis',(0.,0.,-1.));
#2405=DIRECTION('ref_axis',(0.,-1.,0.));
#2406=DIRECTION('',(0.,0.,-1.));
#2407=DIRECTION('center_axis',(0.,0.,-1.));
#2408=DIRECTION('ref_axis',(0.,-1.,0.));
#2409=DIRECTION('',(0.,0.,-1.));
#2410=DIRECTION('center_axis',(0.,0.,-1.));
#2411=DIRECTION('ref_axis',(0.,-1.,0.));
#2412=DIRECTION('',(0.,0.,-1.));
#2413=DIRECTION('',(5.12814496463406E-16,1.,1.92554192349184E-16));
#2414=DIRECTION('',(0.999999999999993,-4.73579508941923E-16,-3.40005801291247E-16));
#2415=DIRECTION('axis',(0.,0.,1.));
#2416=DIRECTION('refdir',(1.,0.,0.));
#2417=DIRECTION('center_axis',(0.,1.,0.));
#2418=DIRECTION('ref_axis',(-1.,0.,0.));
#2419=DIRECTION('center_axis',(0.,1.,0.));
#2420=DIRECTION('ref_axis',(-1.,0.,0.));
#2421=DIRECTION('',(0.,-1.,0.));
#2422=DIRECTION('center_axis',(0.,-1.,0.));
#2423=DIRECTION('ref_axis',(-1.,0.,0.));
#2424=DIRECTION('center_axis',(0.,1.,0.));
#2425=DIRECTION('ref_axis',(-1.,0.,0.));
#2426=DIRECTION('center_axis',(0.,0.,-1.));
#2427=DIRECTION('ref_axis',(0.,-1.,0.));
#2428=DIRECTION('',(0.,-1.,0.));
#2429=DIRECTION('',(1.,0.,0.));
#2430=DIRECTION('',(0.,1.,0.));
#2431=DIRECTION('',(-1.,0.,0.));
#2432=DIRECTION('center_axis',(0.,0.,1.));
#2433=DIRECTION('ref_axis',(0.,1.,0.));
#2434=DIRECTION('',(0.,1.,0.));
#2435=DIRECTION('',(-1.,0.,0.));
#2436=DIRECTION('',(0.,-1.,0.));
#2437=DIRECTION('',(-1.,0.,0.));
#2438=DIRECTION('center_axis',(-1.,0.,0.));
#2439=DIRECTION('ref_axis',(0.,0.,1.));
#2440=DIRECTION('',(0.,0.,1.));
#2441=DIRECTION('',(0.,1.,0.));
#2442=DIRECTION('',(0.,0.,-1.));
#2443=DIRECTION('center_axis',(-1.,0.,0.));
#2444=DIRECTION('ref_axis',(0.,0.,1.));
#2445=DIRECTION('',(0.,0.,-1.));
#2446=DIRECTION('',(0.,1.,0.));
#2447=DIRECTION('',(0.,0.,1.));
#2448=DIRECTION('center_axis',(0.,0.,-1.));
#2449=DIRECTION('ref_axis',(-1.,0.,0.));
#2450=DIRECTION('',(1.,0.,0.));
#2451=DIRECTION('',(0.,1.,0.));
#2452=DIRECTION('',(-1.,0.,0.));
#2453=DIRECTION('center_axis',(0.,1.,0.));
#2454=DIRECTION('ref_axis',(1.,0.,0.));
#2455=DIRECTION('center_axis',(0.,-1.,0.));
#2456=DIRECTION('ref_axis',(1.,0.,0.));
#2457=DIRECTION('',(0.,-1.,0.));
#2458=DIRECTION('center_axis',(0.,-1.,0.));
#2459=DIRECTION('ref_axis',(1.,0.,0.));
#2460=DIRECTION('center_axis',(0.,1.,0.));
#2461=DIRECTION('ref_axis',(1.,0.,0.));
#2462=DIRECTION('center_axis',(0.,-1.,0.));
#2463=DIRECTION('ref_axis',(1.,0.,0.));
#2464=DIRECTION('',(0.,-1.,0.));
#2465=DIRECTION('center_axis',(0.,-1.,0.));
#2466=DIRECTION('ref_axis',(1.,0.,0.));
#2467=DIRECTION('center_axis',(2.04405503344961E-9,0.,1.));
#2468=DIRECTION('ref_axis',(1.,0.,-2.04405503344961E-9));
#2469=DIRECTION('',(-1.,0.,2.04405503344961E-9));
#2470=DIRECTION('',(1.,0.,-2.04405503344961E-9));
#2471=DIRECTION('',(0.,1.,0.));
#2472=DIRECTION('center_axis',(1.,0.,0.));
#2473=DIRECTION('ref_axis',(0.,0.,-1.));
#2474=DIRECTION('',(0.,0.,1.));
#2475=DIRECTION('',(0.,0.,-1.));
#2476=DIRECTION('center_axis',(0.,1.,0.));
#2477=DIRECTION('ref_axis',(1.,0.,0.));
#2478=DIRECTION('center_axis',(0.,-1.,0.));
#2479=DIRECTION('ref_axis',(1.,0.,0.));
#2480=DIRECTION('',(0.,-1.,0.));
#2481=DIRECTION('center_axis',(0.,-1.,0.));
#2482=DIRECTION('ref_axis',(1.,0.,0.));
#2483=DIRECTION('center_axis',(0.,1.,0.));
#2484=DIRECTION('ref_axis',(1.,0.,0.));
#2485=DIRECTION('center_axis',(0.,-1.,0.));
#2486=DIRECTION('ref_axis',(1.,0.,0.));
#2487=DIRECTION('',(0.,-1.,0.));
#2488=DIRECTION('center_axis',(0.,-1.,0.));
#2489=DIRECTION('ref_axis',(1.,0.,0.));
#2490=DIRECTION('center_axis',(-1.,0.,0.));
#2491=DIRECTION('ref_axis',(0.,0.,1.));
#2492=DIRECTION('',(0.,0.,-1.));
#2493=DIRECTION('',(0.,1.,0.));
#2494=DIRECTION('',(0.,0.,1.));
#2495=DIRECTION('',(0.,1.,0.));
#2496=DIRECTION('center_axis',(0.,0.,-1.));
#2497=DIRECTION('ref_axis',(-1.,0.,0.));
#2498=DIRECTION('',(1.,0.,0.));
#2499=DIRECTION('',(-1.,0.,0.));
#2500=DIRECTION('',(0.,1.,0.));
#2501=DIRECTION('center_axis',(1.,0.,0.));
#2502=DIRECTION('ref_axis',(0.,0.,-1.));
#2503=DIRECTION('',(0.,0.,-1.));
#2504=DIRECTION('',(0.,1.,0.));
#2505=DIRECTION('',(0.,0.,1.));
#2506=DIRECTION('',(0.,0.,-1.));
#2507=DIRECTION('',(0.,0.,1.));
#2508=DIRECTION('center_axis',(0.,0.,1.));
#2509=DIRECTION('ref_axis',(1.,0.,0.));
#2510=DIRECTION('',(-1.,0.,0.));
#2511=DIRECTION('',(1.,0.,0.));
#2512=DIRECTION('center_axis',(0.,1.,0.));
#2513=DIRECTION('ref_axis',(1.,0.,0.));
#2514=DIRECTION('center_axis',(0.,1.,0.));
#2515=DIRECTION('ref_axis',(0.,0.,1.));
#2516=DIRECTION('center_axis',(0.,1.,0.));
#2517=DIRECTION('ref_axis',(1.,0.,0.));
#2518=DIRECTION('',(0.,0.,1.));
#2519=DIRECTION('',(1.,0.,0.));
#2520=DIRECTION('',(0.,0.,1.));
#2521=DIRECTION('',(1.,0.,0.));
#2522=CARTESIAN_POINT('',(0.,0.,0.));
#2523=CARTESIAN_POINT('',(0.,0.,0.));
#2524=CARTESIAN_POINT('',(0.,0.,0.));
#2525=CARTESIAN_POINT('Origin',(193.5,-105.,0.));
#2526=CARTESIAN_POINT('',(193.5,-105.,0.));
#2527=CARTESIAN_POINT('',(193.5,-105.,1.51));
#2528=CARTESIAN_POINT('',(193.5,-105.,0.));
#2529=CARTESIAN_POINT('',(120.5,-105.,1.51));
#2530=CARTESIAN_POINT('',(193.5,-105.,1.51));
#2531=CARTESIAN_POINT('',(120.5,-105.,0.));
#2532=CARTESIAN_POINT('',(120.5,-105.,0.));
#2533=CARTESIAN_POINT('',(193.5,-105.,0.));
#2534=CARTESIAN_POINT('Origin',(193.5,-51.5,0.));
#2535=CARTESIAN_POINT('',(193.5,-51.5,0.));
#2536=CARTESIAN_POINT('',(193.5,-51.5,1.51));
#2537=CARTESIAN_POINT('',(193.5,-51.5,0.));
#2538=CARTESIAN_POINT('',(193.5,-51.5,1.51));
#2539=CARTESIAN_POINT('',(193.5,-51.5,0.));
#2540=CARTESIAN_POINT('Origin',(120.5,-105.,0.));
#2541=CARTESIAN_POINT('',(120.5,-51.5,1.51));
#2542=CARTESIAN_POINT('',(120.5,-105.,1.51));
#2543=CARTESIAN_POINT('',(120.5,-51.5,0.));
#2544=CARTESIAN_POINT('',(120.5,-51.5,0.));
#2545=CARTESIAN_POINT('',(120.5,-105.,0.));
#2546=CARTESIAN_POINT('Origin',(0.,0.,0.));
#2547=CARTESIAN_POINT('',(120.5,-51.5,0.));
#2548=CARTESIAN_POINT('',(126.7,-93.73,0.));
#2549=CARTESIAN_POINT('Origin',(126.7,-94.58,0.));
#2550=CARTESIAN_POINT('',(127.97,-91.29,0.));
#2551=CARTESIAN_POINT('Origin',(127.97,-92.04,0.));
#2552=CARTESIAN_POINT('',(131.78,-92.58,0.));
#2553=CARTESIAN_POINT('Origin',(131.78,-94.58,0.));
#2554=CARTESIAN_POINT('',(136.86,-93.73,0.));
#2555=CARTESIAN_POINT('Origin',(136.86,-94.58,0.));
#2556=CARTESIAN_POINT('',(134.32,-88.75,0.));
#2557=CARTESIAN_POINT('Origin',(134.32,-89.5,0.));
#2558=CARTESIAN_POINT('',(141.79,-93.73,0.));
#2559=CARTESIAN_POINT('Origin',(141.79,-94.58,0.));
#2560=CARTESIAN_POINT('',(146.87,-92.58,0.));
#2561=CARTESIAN_POINT('Origin',(146.87,-94.58,0.));
#2562=CARTESIAN_POINT('',(143.06,-91.29,0.));
#2563=CARTESIAN_POINT('Origin',(143.06,-92.04,0.));
#2564=CARTESIAN_POINT('',(151.95,-93.73,0.));
#2565=CARTESIAN_POINT('Origin',(151.95,-94.58,0.));
#2566=CARTESIAN_POINT('',(156.88,-93.73,0.));
#2567=CARTESIAN_POINT('Origin',(156.88,-94.58,0.));
#2568=CARTESIAN_POINT('',(149.41,-88.75,0.));
#2569=CARTESIAN_POINT('Origin',(149.41,-89.5,0.));
#2570=CARTESIAN_POINT('',(126.7,-78.64,0.));
#2571=CARTESIAN_POINT('Origin',(126.7,-79.49,0.));
#2572=CARTESIAN_POINT('',(127.97,-76.2,0.));
#2573=CARTESIAN_POINT('Origin',(127.97,-76.95,0.));
#2574=CARTESIAN_POINT('',(131.78,-77.49,0.));
#2575=CARTESIAN_POINT('Origin',(131.78,-79.49,0.));
#2576=CARTESIAN_POINT('',(136.86,-78.64,0.));
#2577=CARTESIAN_POINT('Origin',(136.86,-79.49,0.));
#2578=CARTESIAN_POINT('',(141.79,-78.64,0.));
#2579=CARTESIAN_POINT('Origin',(141.79,-79.49,0.));
#2580=CARTESIAN_POINT('',(146.87,-77.49,0.));
#2581=CARTESIAN_POINT('Origin',(146.87,-79.49,0.));
#2582=CARTESIAN_POINT('',(143.06,-76.2,0.));
#2583=CARTESIAN_POINT('Origin',(143.06,-76.95,0.));
#2584=CARTESIAN_POINT('',(151.95,-78.64,0.));
#2585=CARTESIAN_POINT('Origin',(151.95,-79.49,0.));
#2586=CARTESIAN_POINT('',(156.88,-78.64,0.));
#2587=CARTESIAN_POINT('Origin',(156.88,-79.49,0.));
#2588=CARTESIAN_POINT('',(161.96,-92.58,0.));
#2589=CARTESIAN_POINT('Origin',(161.96,-94.58,0.));
#2590=CARTESIAN_POINT('',(158.15,-91.29,0.));
#2591=CARTESIAN_POINT('Origin',(158.15,-92.04,0.));
#2592=CARTESIAN_POINT('',(167.04,-93.73,0.));
#2593=CARTESIAN_POINT('Origin',(167.04,-94.58,0.));
#2594=CARTESIAN_POINT('',(164.5,-88.75,0.));
#2595=CARTESIAN_POINT('Origin',(164.5,-89.5,0.));
#2596=CARTESIAN_POINT('',(175.167985,-94.5145,0.));
#2597=CARTESIAN_POINT('Origin',(175.167985,-95.0145,0.));
#2598=CARTESIAN_POINT('',(177.707985,-94.5145,0.));
#2599=CARTESIAN_POINT('Origin',(177.707985,-95.0145,0.));
#2600=CARTESIAN_POINT('',(180.247985,-94.5145,0.));
#2601=CARTESIAN_POINT('Origin',(180.247985,-95.0145,0.));
#2602=CARTESIAN_POINT('',(182.787985,-94.5145,0.));
#2603=CARTESIAN_POINT('Origin',(182.787985,-95.0145,0.));
#2604=CARTESIAN_POINT('',(185.327985,-94.5145,0.));
#2605=CARTESIAN_POINT('Origin',(185.327985,-95.0145,0.));
#2606=CARTESIAN_POINT('',(187.867985,-94.5145,0.));
#2607=CARTESIAN_POINT('Origin',(187.867985,-95.0145,0.));
#2608=CARTESIAN_POINT('',(190.407985,-94.5145,0.));
#2609=CARTESIAN_POINT('Origin',(190.407985,-95.0145,0.));
#2610=CARTESIAN_POINT('',(161.96,-77.49,0.));
#2611=CARTESIAN_POINT('Origin',(161.96,-79.49,0.));
#2612=CARTESIAN_POINT('',(158.15,-76.2,0.));
#2613=CARTESIAN_POINT('Origin',(158.15,-76.95,0.));
#2614=CARTESIAN_POINT('',(167.04,-78.64,0.));
#2615=CARTESIAN_POINT('Origin',(167.04,-79.49,0.));
#2616=CARTESIAN_POINT('',(175.167985,-79.2645,0.));
#2617=CARTESIAN_POINT('Origin',(175.167985,-79.7645,0.));
#2618=CARTESIAN_POINT('',(177.707985,-79.2645,0.));
#2619=CARTESIAN_POINT('Origin',(177.707985,-79.7645,0.));
#2620=CARTESIAN_POINT('',(180.247985,-79.2645,0.));
#2621=CARTESIAN_POINT('Origin',(180.247985,-79.7645,0.));
#2622=CARTESIAN_POINT('',(182.787985,-79.2645,0.));
#2623=CARTESIAN_POINT('Origin',(182.787985,-79.7645,0.));
#2624=CARTESIAN_POINT('',(185.327985,-79.2645,0.));
#2625=CARTESIAN_POINT('Origin',(185.327985,-79.7645,0.));
#2626=CARTESIAN_POINT('',(187.867985,-79.2645,0.));
#2627=CARTESIAN_POINT('Origin',(187.867985,-79.7645,0.));
#2628=CARTESIAN_POINT('',(190.407985,-79.2645,0.));
#2629=CARTESIAN_POINT('Origin',(190.407985,-79.7645,0.));
#2630=CARTESIAN_POINT('',(134.32,-73.66,0.));
#2631=CARTESIAN_POINT('Origin',(134.32,-74.41,0.));
#2632=CARTESIAN_POINT('',(131.25,-65.3,0.));
#2633=CARTESIAN_POINT('Origin',(131.25,-66.6,0.));
#2634=CARTESIAN_POINT('',(149.41,-73.66,0.));
#2635=CARTESIAN_POINT('Origin',(149.41,-74.41,0.));
#2636=CARTESIAN_POINT('',(123.75,-63.,0.));
#2637=CARTESIAN_POINT('Origin',(123.75,-63.5,0.));
#2638=CARTESIAN_POINT('',(123.75,-60.5,0.));
#2639=CARTESIAN_POINT('Origin',(123.75,-61.,0.));
#2640=CARTESIAN_POINT('',(138.25,-63.,0.));
#2641=CARTESIAN_POINT('Origin',(138.25,-63.5,0.));
#2642=CARTESIAN_POINT('',(123.75,-58.,0.));
#2643=CARTESIAN_POINT('Origin',(123.75,-58.5,0.));
#2644=CARTESIAN_POINT('',(131.25,-54.1,0.));
#2645=CARTESIAN_POINT('Origin',(131.25,-55.4,0.));
#2646=CARTESIAN_POINT('',(138.25,-58.,0.));
#2647=CARTESIAN_POINT('Origin',(138.25,-58.5,0.));
#2648=CARTESIAN_POINT('',(145.,-63.81,0.));
#2649=CARTESIAN_POINT('Origin',(145.,-64.31,0.));
#2650=CARTESIAN_POINT('',(145.,-61.27,0.));
#2651=CARTESIAN_POINT('Origin',(145.,-61.77,0.));
#2652=CARTESIAN_POINT('',(145.,-58.73,0.));
#2653=CARTESIAN_POINT('Origin',(145.,-59.23,0.));
#2654=CARTESIAN_POINT('',(145.,-56.19,0.));
#2655=CARTESIAN_POINT('Origin',(145.,-56.69,0.));
#2656=CARTESIAN_POINT('',(164.5,-73.66,0.));
#2657=CARTESIAN_POINT('Origin',(164.5,-74.41,0.));
#2658=CARTESIAN_POINT('Origin',(0.,0.,1.51));
#2659=CARTESIAN_POINT('',(120.5,-51.5,1.51));
#2660=CARTESIAN_POINT('',(126.7,-93.73,1.51));
#2661=CARTESIAN_POINT('Origin',(126.7,-94.58,1.51));
#2662=CARTESIAN_POINT('',(127.97,-91.29,1.51));
#2663=CARTESIAN_POINT('Origin',(127.97,-92.04,1.51));
#2664=CARTESIAN_POINT('',(131.78,-92.58,1.51));
#2665=CARTESIAN_POINT('Origin',(131.78,-94.58,1.51));
#2666=CARTESIAN_POINT('',(136.86,-93.73,1.51));
#2667=CARTESIAN_POINT('Origin',(136.86,-94.58,1.51));
#2668=CARTESIAN_POINT('',(134.32,-88.75,1.51));
#2669=CARTESIAN_POINT('Origin',(134.32,-89.5,1.51));
#2670=CARTESIAN_POINT('',(141.79,-93.73,1.51));
#2671=CARTESIAN_POINT('Origin',(141.79,-94.58,1.51));
#2672=CARTESIAN_POINT('',(146.87,-92.58,1.51));
#2673=CARTESIAN_POINT('Origin',(146.87,-94.58,1.51));
#2674=CARTESIAN_POINT('',(143.06,-91.29,1.51));
#2675=CARTESIAN_POINT('Origin',(143.06,-92.04,1.51));
#2676=CARTESIAN_POINT('',(151.95,-93.73,1.51));
#2677=CARTESIAN_POINT('Origin',(151.95,-94.58,1.51));
#2678=CARTESIAN_POINT('',(156.88,-93.73,1.51));
#2679=CARTESIAN_POINT('Origin',(156.88,-94.58,1.51));
#2680=CARTESIAN_POINT('',(149.41,-88.75,1.51));
#2681=CARTESIAN_POINT('Origin',(149.41,-89.5,1.51));
#2682=CARTESIAN_POINT('',(126.7,-78.64,1.51));
#2683=CARTESIAN_POINT('Origin',(126.7,-79.49,1.51));
#2684=CARTESIAN_POINT('',(127.97,-76.2,1.51));
#2685=CARTESIAN_POINT('Origin',(127.97,-76.95,1.51));
#2686=CARTESIAN_POINT('',(131.78,-77.49,1.51));
#2687=CARTESIAN_POINT('Origin',(131.78,-79.49,1.51));
#2688=CARTESIAN_POINT('',(136.86,-78.64,1.51));
#2689=CARTESIAN_POINT('Origin',(136.86,-79.49,1.51));
#2690=CARTESIAN_POINT('',(141.79,-78.64,1.51));
#2691=CARTESIAN_POINT('Origin',(141.79,-79.49,1.51));
#2692=CARTESIAN_POINT('',(146.87,-77.49,1.51));
#2693=CARTESIAN_POINT('Origin',(146.87,-79.49,1.51));
#2694=CARTESIAN_POINT('',(143.06,-76.2,1.51));
#2695=CARTESIAN_POINT('Origin',(143.06,-76.95,1.51));
#2696=CARTESIAN_POINT('',(151.95,-78.64,1.51));
#2697=CARTESIAN_POINT('Origin',(151.95,-79.49,1.51));
#2698=CARTESIAN_POINT('',(156.88,-78.64,1.51));
#2699=CARTESIAN_POINT('Origin',(156.88,-79.49,1.51));
#2700=CARTESIAN_POINT('',(161.96,-92.58,1.51));
#2701=CARTESIAN_POINT('Origin',(161.96,-94.58,1.51));
#2702=CARTESIAN_POINT('',(158.15,-91.29,1.51));
#2703=CARTESIAN_POINT('Origin',(158.15,-92.04,1.51));
#2704=CARTESIAN_POINT('',(167.04,-93.73,1.51));
#2705=CARTESIAN_POINT('Origin',(167.04,-94.58,1.51));
#2706=CARTESIAN_POINT('',(164.5,-88.75,1.51));
#2707=CARTESIAN_POINT('Origin',(164.5,-89.5,1.51));
#2708=CARTESIAN_POINT('',(175.167985,-94.5145,1.51));
#2709=CARTESIAN_POINT('Origin',(175.167985,-95.0145,1.51));
#2710=CARTESIAN_POINT('',(177.707985,-94.5145,1.51));
#2711=CARTESIAN_POINT('Origin',(177.707985,-95.0145,1.51));
#2712=CARTESIAN_POINT('',(180.247985,-94.5145,1.51));
#2713=CARTESIAN_POINT('Origin',(180.247985,-95.0145,1.51));
#2714=CARTESIAN_POINT('',(182.787985,-94.5145,1.51));
#2715=CARTESIAN_POINT('Origin',(182.787985,-95.0145,1.51));
#2716=CARTESIAN_POINT('',(185.327985,-94.5145,1.51));
#2717=CARTESIAN_POINT('Origin',(185.327985,-95.0145,1.51));
#2718=CARTESIAN_POINT('',(187.867985,-94.5145,1.51));
#2719=CARTESIAN_POINT('Origin',(187.867985,-95.0145,1.51));
#2720=CARTESIAN_POINT('',(190.407985,-94.5145,1.51));
#2721=CARTESIAN_POINT('Origin',(190.407985,-95.0145,1.51));
#2722=CARTESIAN_POINT('',(161.96,-77.49,1.51));
#2723=CARTESIAN_POINT('Origin',(161.96,-79.49,1.51));
#2724=CARTESIAN_POINT('',(158.15,-76.2,1.51));
#2725=CARTESIAN_POINT('Origin',(158.15,-76.95,1.51));
#2726=CARTESIAN_POINT('',(167.04,-78.64,1.51));
#2727=CARTESIAN_POINT('Origin',(167.04,-79.49,1.51));
#2728=CARTESIAN_POINT('',(175.167985,-79.2645,1.51));
#2729=CARTESIAN_POINT('Origin',(175.167985,-79.7645,1.51));
#2730=CARTESIAN_POINT('',(177.707985,-79.2645,1.51));
#2731=CARTESIAN_POINT('Origin',(177.707985,-79.7645,1.51));
#2732=CARTESIAN_POINT('',(180.247985,-79.2645,1.51));
#2733=CARTESIAN_POINT('Origin',(180.247985,-79.7645,1.51));
#2734=CARTESIAN_POINT('',(182.787985,-79.2645,1.51));
#2735=CARTESIAN_POINT('Origin',(182.787985,-79.7645,1.51));
#2736=CARTESIAN_POINT('',(185.327985,-79.2645,1.51));
#2737=CARTESIAN_POINT('Origin',(185.327985,-79.7645,1.51));
#2738=CARTESIAN_POINT('',(187.867985,-79.2645,1.51));
#2739=CARTESIAN_POINT('Origin',(187.867985,-79.7645,1.51));
#2740=CARTESIAN_POINT('',(190.407985,-79.2645,1.51));
#2741=CARTESIAN_POINT('Origin',(190.407985,-79.7645,1.51));
#2742=CARTESIAN_POINT('',(134.32,-73.66,1.51));
#2743=CARTESIAN_POINT('Origin',(134.32,-74.41,1.51));
#2744=CARTESIAN_POINT('',(131.25,-65.3,1.51));
#2745=CARTESIAN_POINT('Origin',(131.25,-66.6,1.51));
#2746=CARTESIAN_POINT('',(149.41,-73.66,1.51));
#2747=CARTESIAN_POINT('Origin',(149.41,-74.41,1.51));
#2748=CARTESIAN_POINT('',(123.75,-63.,1.51));
#2749=CARTESIAN_POINT('Origin',(123.75,-63.5,1.51));
#2750=CARTESIAN_POINT('',(123.75,-60.5,1.51));
#2751=CARTESIAN_POINT('Origin',(123.75,-61.,1.51));
#2752=CARTESIAN_POINT('',(138.25,-63.,1.51));
#2753=CARTESIAN_POINT('Origin',(138.25,-63.5,1.51));
#2754=CARTESIAN_POINT('',(123.75,-58.,1.51));
#2755=CARTESIAN_POINT('Origin',(123.75,-58.5,1.51));
#2756=CARTESIAN_POINT('',(131.25,-54.1,1.51));
#2757=CARTESIAN_POINT('Origin',(131.25,-55.4,1.51));
#2758=CARTESIAN_POINT('',(138.25,-58.,1.51));
#2759=CARTESIAN_POINT('Origin',(138.25,-58.5,1.51));
#2760=CARTESIAN_POINT('',(145.,-63.81,1.51));
#2761=CARTESIAN_POINT('Origin',(145.,-64.31,1.51));
#2762=CARTESIAN_POINT('',(145.,-61.27,1.51));
#2763=CARTESIAN_POINT('Origin',(145.,-61.77,1.51));
#2764=CARTESIAN_POINT('',(145.,-58.73,1.51));
#2765=CARTESIAN_POINT('Origin',(145.,-59.23,1.51));
#2766=CARTESIAN_POINT('',(145.,-56.19,1.51));
#2767=CARTESIAN_POINT('Origin',(145.,-56.69,1.51));
#2768=CARTESIAN_POINT('',(164.5,-73.66,1.51));
#2769=CARTESIAN_POINT('Origin',(164.5,-74.41,1.51));
#2770=CARTESIAN_POINT('Origin',(120.5,-51.5,0.));
#2771=CARTESIAN_POINT('Origin',(126.7,-94.58,-0.046));
#2772=CARTESIAN_POINT('',(126.7,-93.73,-0.046));
#2773=CARTESIAN_POINT('Origin',(127.97,-92.04,-0.046));
#2774=CARTESIAN_POINT('',(127.97,-91.29,-0.046));
#2775=CARTESIAN_POINT('Origin',(131.78,-94.58,-0.046));
#2776=CARTESIAN_POINT('',(131.78,-92.58,-0.046));
#2777=CARTESIAN_POINT('Origin',(136.86,-94.58,-0.046));
#2778=CARTESIAN_POINT('',(136.86,-93.73,-0.046));
#2779=CARTESIAN_POINT('Origin',(134.32,-89.5,-0.046));
#2780=CARTESIAN_POINT('',(134.32,-88.75,-0.046));
#2781=CARTESIAN_POINT('Origin',(141.79,-94.58,-0.046));
#2782=CARTESIAN_POINT('',(141.79,-93.73,-0.046));
#2783=CARTESIAN_POINT('Origin',(146.87,-94.58,-0.046));
#2784=CARTESIAN_POINT('',(146.87,-92.58,-0.046));
#2785=CARTESIAN_POINT('Origin',(143.06,-92.04,-0.046));
#2786=CARTESIAN_POINT('',(143.06,-91.29,-0.046));
#2787=CARTESIAN_POINT('Origin',(151.95,-94.58,-0.046));
#2788=CARTESIAN_POINT('',(151.95,-93.73,-0.046));
#2789=CARTESIAN_POINT('Origin',(156.88,-94.58,-0.046));
#2790=CARTESIAN_POINT('',(156.88,-93.73,-0.046));
#2791=CARTESIAN_POINT('Origin',(149.41,-89.5,-0.046));
#2792=CARTESIAN_POINT('',(149.41,-88.75,-0.046));
#2793=CARTESIAN_POINT('Origin',(126.7,-79.49,-0.046));
#2794=CARTESIAN_POINT('',(126.7,-78.64,-0.046));
#2795=CARTESIAN_POINT('Origin',(127.97,-76.95,-0.046));
#2796=CARTESIAN_POINT('',(127.97,-76.2,-0.046));
#2797=CARTESIAN_POINT('Origin',(131.78,-79.49,-0.046));
#2798=CARTESIAN_POINT('',(131.78,-77.49,-0.046));
#2799=CARTESIAN_POINT('Origin',(136.86,-79.49,-0.046));
#2800=CARTESIAN_POINT('',(136.86,-78.64,-0.046));
#2801=CARTESIAN_POINT('Origin',(141.79,-79.49,-0.046));
#2802=CARTESIAN_POINT('',(141.79,-78.64,-0.046));
#2803=CARTESIAN_POINT('Origin',(146.87,-79.49,-0.046));
#2804=CARTESIAN_POINT('',(146.87,-77.49,-0.046));
#2805=CARTESIAN_POINT('Origin',(143.06,-76.95,-0.046));
#2806=CARTESIAN_POINT('',(143.06,-76.2,-0.046));
#2807=CARTESIAN_POINT('Origin',(151.95,-79.49,-0.046));
#2808=CARTESIAN_POINT('',(151.95,-78.64,-0.046));
#2809=CARTESIAN_POINT('Origin',(156.88,-79.49,-0.046));
#2810=CARTESIAN_POINT('',(156.88,-78.64,-0.046));
#2811=CARTESIAN_POINT('Origin',(161.96,-94.58,-0.046));
#2812=CARTESIAN_POINT('',(161.96,-92.58,-0.046));
#2813=CARTESIAN_POINT('Origin',(158.15,-92.04,-0.046));
#2814=CARTESIAN_POINT('',(158.15,-91.29,-0.046));
#2815=CARTESIAN_POINT('Origin',(167.04,-94.58,-0.046));
#2816=CARTESIAN_POINT('',(167.04,-93.73,-0.046));
#2817=CARTESIAN_POINT('Origin',(164.5,-89.5,-0.046));
#2818=CARTESIAN_POINT('',(164.5,-88.75,-0.046));
#2819=CARTESIAN_POINT('Origin',(175.167985,-95.0145,-0.046));
#2820=CARTESIAN_POINT('',(175.167985,-94.5145,-0.046));
#2821=CARTESIAN_POINT('Origin',(177.707985,-95.0145,-0.046));
#2822=CARTESIAN_POINT('',(177.707985,-94.5145,-0.046));
#2823=CARTESIAN_POINT('Origin',(180.247985,-95.0145,-0.046));
#2824=CARTESIAN_POINT('',(180.247985,-94.5145,-0.046));
#2825=CARTESIAN_POINT('Origin',(182.787985,-95.0145,-0.046));
#2826=CARTESIAN_POINT('',(182.787985,-94.5145,-0.046));
#2827=CARTESIAN_POINT('Origin',(185.327985,-95.0145,-0.046));
#2828=CARTESIAN_POINT('',(185.327985,-94.5145,-0.046));
#2829=CARTESIAN_POINT('Origin',(187.867985,-95.0145,-0.046));
#2830=CARTESIAN_POINT('',(187.867985,-94.5145,-0.046));
#2831=CARTESIAN_POINT('Origin',(190.407985,-95.0145,-0.046));
#2832=CARTESIAN_POINT('',(190.407985,-94.5145,-0.046));
#2833=CARTESIAN_POINT('Origin',(161.96,-79.49,-0.046));
#2834=CARTESIAN_POINT('',(161.96,-77.49,-0.046));
#2835=CARTESIAN_POINT('Origin',(158.15,-76.95,-0.046));
#2836=CARTESIAN_POINT('',(158.15,-76.2,-0.046));
#2837=CARTESIAN_POINT('Origin',(167.04,-79.49,-0.046));
#2838=CARTESIAN_POINT('',(167.04,-78.64,-0.046));
#2839=CARTESIAN_POINT('Origin',(175.167985,-79.7645,-0.046));
#2840=CARTESIAN_POINT('',(175.167985,-79.2645,-0.046));
#2841=CARTESIAN_POINT('Origin',(177.707985,-79.7645,-0.046));
#2842=CARTESIAN_POINT('',(177.707985,-79.2645,-0.046));
#2843=CARTESIAN_POINT('Origin',(180.247985,-79.7645,-0.046));
#2844=CARTESIAN_POINT('',(180.247985,-79.2645,-0.046));
#2845=CARTESIAN_POINT('Origin',(182.787985,-79.7645,-0.046));
#2846=CARTESIAN_POINT('',(182.787985,-79.2645,-0.046));
#2847=CARTESIAN_POINT('Origin',(185.327985,-79.7645,-0.046));
#2848=CARTESIAN_POINT('',(185.327985,-79.2645,-0.046));
#2849=CARTESIAN_POINT('Origin',(187.867985,-79.7645,-0.046));
#2850=CARTESIAN_POINT('',(187.867985,-79.2645,-0.046));
#2851=CARTESIAN_POINT('Origin',(190.407985,-79.7645,-0.046));
#2852=CARTESIAN_POINT('',(190.407985,-79.2645,-0.046));
#2853=CARTESIAN_POINT('Origin',(134.32,-74.41,-0.046));
#2854=CARTESIAN_POINT('',(134.32,-73.66,-0.046));
#2855=CARTESIAN_POINT('Origin',(131.25,-66.6,-0.046));
#2856=CARTESIAN_POINT('',(131.25,-65.3,-0.046));
#2857=CARTESIAN_POINT('Origin',(149.41,-74.41,-0.046));
#2858=CARTESIAN_POINT('',(149.41,-73.66,-0.046));
#2859=CARTESIAN_POINT('Origin',(123.75,-63.5,-0.046));
#2860=CARTESIAN_POINT('',(123.75,-63.,-0.046));
#2861=CARTESIAN_POINT('Origin',(123.75,-61.,-0.046));
#2862=CARTESIAN_POINT('',(123.75,-60.5,-0.046));
#2863=CARTESIAN_POINT('Origin',(138.25,-63.5,-0.046));
#2864=CARTESIAN_POINT('',(138.25,-63.,-0.046));
#2865=CARTESIAN_POINT('Origin',(123.75,-58.5,-0.046));
#2866=CARTESIAN_POINT('',(123.75,-58.,-0.046));
#2867=CARTESIAN_POINT('Origin',(131.25,-55.4,-0.046));
#2868=CARTESIAN_POINT('',(131.25,-54.1,-0.046));
#2869=CARTESIAN_POINT('Origin',(138.25,-58.5,-0.046));
#2870=CARTESIAN_POINT('',(138.25,-58.,-0.046));
#2871=CARTESIAN_POINT('Origin',(145.,-64.31,-0.046));
#2872=CARTESIAN_POINT('',(145.,-63.81,-0.046));
#2873=CARTESIAN_POINT('Origin',(145.,-61.77,-0.046));
#2874=CARTESIAN_POINT('',(145.,-61.27,-0.046));
#2875=CARTESIAN_POINT('Origin',(145.,-59.23,-0.046));
#2876=CARTESIAN_POINT('',(145.,-58.73,-0.046));
#2877=CARTESIAN_POINT('Origin',(145.,-56.69,-0.046));
#2878=CARTESIAN_POINT('',(145.,-56.19,-0.046));
#2879=CARTESIAN_POINT('Origin',(164.5,-74.41,-0.046));
#2880=CARTESIAN_POINT('',(164.5,-73.66,-0.046));
#2881=CARTESIAN_POINT('',(-120.573260802865,4.99000000000007,-51.3246662298295));
#2882=CARTESIAN_POINT('',(0.,0.,0.));
#2883=CARTESIAN_POINT('Origin',(40.,3.,25.));
#2884=CARTESIAN_POINT('',(42.5,5.,25.));
#2885=CARTESIAN_POINT('Origin',(40.,5.,25.));
#2886=CARTESIAN_POINT('',(42.5,3.,25.));
#2887=CARTESIAN_POINT('',(42.5,3.,25.));
#2888=CARTESIAN_POINT('Origin',(40.,3.,25.));
#2889=CARTESIAN_POINT('Origin',(40.,5.,25.));
#2890=CARTESIAN_POINT('Origin',(82.9,13.,26.000000372529));
#2891=CARTESIAN_POINT('',(82.9,13.,26.000000372529));
#2892=CARTESIAN_POINT('',(82.9,3.00000004470348,26.000000372529));
#2893=CARTESIAN_POINT('',(82.9,6.5,26.000000372529));
#2894=CARTESIAN_POINT('',(72.9,13.,26.000000372529));
#2895=CARTESIAN_POINT('',(59.6749999627471,13.,26.000000372529));
#2896=CARTESIAN_POINT('',(72.9,3.00000004470348,26.000000372529));
#2897=CARTESIAN_POINT('',(72.9,6.5,26.000000372529));
#2898=CARTESIAN_POINT('',(82.9,3.00000004470348,26.000000372529));
#2899=CARTESIAN_POINT('Origin',(82.9,3.00000004470348,46.0000006705523));
#2900=CARTESIAN_POINT('',(82.9,3.00000004470348,46.0000006705523));
#2901=CARTESIAN_POINT('',(82.9,13.,46.0000006705523));
#2902=CARTESIAN_POINT('',(82.9,1.50000002235174,46.0000006705523));
#2903=CARTESIAN_POINT('',(72.9,3.00000004470348,46.0000006705523));
#2904=CARTESIAN_POINT('',(82.9,3.00000004470348,46.0000006705523));
#2905=CARTESIAN_POINT('',(72.9,13.,46.0000006705523));
#2906=CARTESIAN_POINT('',(72.9,1.50000002235174,46.0000006705523));
#2907=CARTESIAN_POINT('',(59.6749999627471,13.,46.0000006705523));
#2908=CARTESIAN_POINT('Origin',(72.9,0.,-1.49011611938477E-7));
#2909=CARTESIAN_POINT('',(72.9,13.,-1.49011611938477E-7));
#2910=CARTESIAN_POINT('',(72.9,13.,-1.49011611938477E-7));
#2911=CARTESIAN_POINT('',(72.9,3.,-1.49011611938477E-7));
#2912=CARTESIAN_POINT('',(72.9,0.,-1.49011611938477E-7));
#2913=CARTESIAN_POINT('',(72.9,3.,-1.49011611938477E-7));
#2914=CARTESIAN_POINT('Origin',(72.9,0.,-1.49011611938477E-7));
#2915=CARTESIAN_POINT('',(72.9,3.,53.8999998509884));
#2916=CARTESIAN_POINT('',(72.9,3.,-1.49011611938477E-7));
#2917=CARTESIAN_POINT('',(72.9,13.,53.8999998509884));
#2918=CARTESIAN_POINT('',(72.9,0.,53.8999998509884));
#2919=CARTESIAN_POINT('',(72.9,13.,-1.49011611938477E-7));
#2920=CARTESIAN_POINT('Origin',(72.9,0.,53.8999998509884));
#2921=CARTESIAN_POINT('',(0.,3.,53.8999998509884));
#2922=CARTESIAN_POINT('',(72.9,3.,53.8999998509884));
#2923=CARTESIAN_POINT('',(0.,13.,53.8999998509884));
#2924=CARTESIAN_POINT('',(0.,0.,53.8999998509884));
#2925=CARTESIAN_POINT('',(72.9,13.,53.8999998509884));
#2926=CARTESIAN_POINT('Origin',(-5.00000007450581,0.,58.9));
#2927=CARTESIAN_POINT('',(-6.45000007450581,13.,58.9));
#2928=CARTESIAN_POINT('Origin',(-5.00000007450581,13.,58.9));
#2929=CARTESIAN_POINT('',(-6.45000007450581,0.,58.9));
#2930=CARTESIAN_POINT('',(-6.45000007450581,0.,58.9));
#2931=CARTESIAN_POINT('Origin',(-5.00000007450581,0.,58.9));
#2932=CARTESIAN_POINT('Origin',(77.9,0.,58.9));
#2933=CARTESIAN_POINT('',(76.45,13.,58.9));
#2934=CARTESIAN_POINT('Origin',(77.9,13.,58.9));
#2935=CARTESIAN_POINT('',(76.45,0.,58.9));
#2936=CARTESIAN_POINT('',(76.45,0.,58.9));
#2937=CARTESIAN_POINT('Origin',(77.9,0.,58.9));
#2938=CARTESIAN_POINT('Origin',(0.,0.,0.));
#2939=CARTESIAN_POINT('',(0.,3.,0.));
#2940=CARTESIAN_POINT('',(0.,3.,0.));
#2941=CARTESIAN_POINT('',(0.,13.,0.));
#2942=CARTESIAN_POINT('',(0.,13.,0.));
#2943=CARTESIAN_POINT('',(0.,0.,0.));
#2944=CARTESIAN_POINT('Origin',(0.,0.,53.8999998509884));
#2945=CARTESIAN_POINT('',(0.,3.,53.8999998509884));
#2946=CARTESIAN_POINT('',(0.,13.,53.8999998509884));
#2947=CARTESIAN_POINT('Origin',(77.9,0.,-5.00000014900581));
#2948=CARTESIAN_POINT('',(76.45,13.,-5.00000014900581));
#2949=CARTESIAN_POINT('Origin',(77.9,13.,-5.00000014900581));
#2950=CARTESIAN_POINT('',(76.45,0.,-5.00000014900581));
#2951=CARTESIAN_POINT('',(76.45,0.,-5.00000014900581));
#2952=CARTESIAN_POINT('Origin',(77.9,0.,-5.00000014900581));
#2953=CARTESIAN_POINT('Origin',(-5.00000007450581,0.,-5.00000007450581));
#2954=CARTESIAN_POINT('',(-6.45000007450581,13.,-5.00000007450581));
#2955=CARTESIAN_POINT('Origin',(-5.00000007450581,13.,-5.00000007450581));
#2956=CARTESIAN_POINT('',(-6.45000007450581,0.,-5.00000007450581));
#2957=CARTESIAN_POINT('',(-6.45000007450581,0.,-5.00000007450581));
#2958=CARTESIAN_POINT('Origin',(-5.00000007450581,0.,-5.00000007450581));
#2959=CARTESIAN_POINT('Origin',(-10.0000001490116,0.,-10.0000001490116));
#2960=CARTESIAN_POINT('',(-10.0000001490116,0.,63.9));
#2961=CARTESIAN_POINT('',(-10.0000001490116,0.,-10.0000001490116));
#2962=CARTESIAN_POINT('',(-10.0000001490116,0.,63.9));
#2963=CARTESIAN_POINT('',(-10.0000001490116,13.,63.9));
#2964=CARTESIAN_POINT('',(-10.0000001490116,0.,63.9));
#2965=CARTESIAN_POINT('',(-10.0000001490116,13.,-10.0000001490116));
#2966=CARTESIAN_POINT('',(-10.0000001490116,13.,63.9));
#2967=CARTESIAN_POINT('',(-10.0000001490116,0.,-10.0000001490116));
#2968=CARTESIAN_POINT('Origin',(82.9,0.,-10.0000001490116));
#2969=CARTESIAN_POINT('',(82.9,0.,-10.0000001490116));
#2970=CARTESIAN_POINT('',(-10.0000001490116,0.,-10.0000001490116));
#2971=CARTESIAN_POINT('',(82.9,13.,-10.0000001490116));
#2972=CARTESIAN_POINT('',(-10.0000001490116,13.,-10.0000001490116));
#2973=CARTESIAN_POINT('',(82.9,0.,-10.0000001490116));
#2974=CARTESIAN_POINT('Origin',(82.9,0.,63.9));
#2975=CARTESIAN_POINT('',(82.9,13.,63.9));
#2976=CARTESIAN_POINT('',(82.9,13.,-10.0000001490116));
#2977=CARTESIAN_POINT('',(82.9,0.,63.9));
#2978=CARTESIAN_POINT('',(82.9,0.,63.9));
#2979=CARTESIAN_POINT('',(82.9,0.,-10.0000001490116));
#2980=CARTESIAN_POINT('',(82.9,13.,-10.0000001490116));
#2981=CARTESIAN_POINT('',(82.9,3.00000004470348,44.9500001862645));
#2982=CARTESIAN_POINT('Origin',(-10.0000001490116,0.,63.9));
#2983=CARTESIAN_POINT('',(82.9,0.,63.9));
#2984=CARTESIAN_POINT('',(82.9,13.,63.9));
#2985=CARTESIAN_POINT('Origin',(36.4499999254942,13.,26.9499999254942));
#2986=CARTESIAN_POINT('Origin',(36.45,3.,26.9499998509884));
#2987=CARTESIAN_POINT('Origin',(36.45,0.,26.9499998509884));
#2988=CARTESIAN_POINT('',(0.,0.,0.));
#2989=CARTESIAN_POINT('',(0.,0.,0.));
#2990=UNCERTAINTY_MEASURE_WITH_UNIT(LENGTH_MEASURE(0.01),#3000,
'DISTANCE_ACCURACY_VALUE',
'Maximum model space distance between geometric entities at asserted c
onnectivities');
#2991=UNCERTAINTY_MEASURE_WITH_UNIT(LENGTH_MEASURE(0.01),#3000,
'DISTANCE_ACCURACY_VALUE',
'Maximum model space distance between geometric entities at asserted c
onnectivities');
#2992=UNCERTAINTY_MEASURE_WITH_UNIT(LENGTH_MEASURE(0.01),#3000,
'DISTANCE_ACCURACY_VALUE',
'Maximum model space distance between geometric entities at asserted c
onnectivities');
#2993=UNCERTAINTY_MEASURE_WITH_UNIT(LENGTH_MEASURE(0.01),#3000,
'DISTANCE_ACCURACY_VALUE',
'Maximum model space distance between geometric entities at asserted c
onnectivities');
#2994=UNCERTAINTY_MEASURE_WITH_UNIT(LENGTH_MEASURE(0.01),#3000,
'DISTANCE_ACCURACY_VALUE',
'Maximum model space distance between geometric entities at asserted c
onnectivities');
#2995=(
GEOMETRIC_REPRESENTATION_CONTEXT(3)
GLOBAL_UNCERTAINTY_ASSIGNED_CONTEXT((#2990))
GLOBAL_UNIT_ASSIGNED_CONTEXT((#3000,#3002,#3003))
REPRESENTATION_CONTEXT('','3D')
);
#2996=(
GEOMETRIC_REPRESENTATION_CONTEXT(3)
GLOBAL_UNCERTAINTY_ASSIGNED_CONTEXT((#2991))
GLOBAL_UNIT_ASSIGNED_CONTEXT((#3000,#3002,#3003))
REPRESENTATION_CONTEXT('','3D')
);
#2997=(
GEOMETRIC_REPRESENTATION_CONTEXT(3)
GLOBAL_UNCERTAINTY_ASSIGNED_CONTEXT((#2992))
GLOBAL_UNIT_ASSIGNED_CONTEXT((#3000,#3002,#3003))
REPRESENTATION_CONTEXT('','3D')
);
#2998=(
GEOMETRIC_REPRESENTATION_CONTEXT(3)
GLOBAL_UNCERTAINTY_ASSIGNED_CONTEXT((#2993))
GLOBAL_UNIT_ASSIGNED_CONTEXT((#3000,#3002,#3003))
REPRESENTATION_CONTEXT('','3D')
);
#2999=(
GEOMETRIC_REPRESENTATION_CONTEXT(3)
GLOBAL_UNCERTAINTY_ASSIGNED_CONTEXT((#2994))
GLOBAL_UNIT_ASSIGNED_CONTEXT((#3000,#3002,#3003))
REPRESENTATION_CONTEXT('','3D')
);
#3000=(
LENGTH_UNIT()
NAMED_UNIT(*)
SI_UNIT(.MILLI.,.METRE.)
);
#3001=(
LENGTH_UNIT()
NAMED_UNIT(*)
SI_UNIT($,.METRE.)
);
#3002=(
NAMED_UNIT(*)
PLANE_ANGLE_UNIT()
SI_UNIT($,.RADIAN.)
);
#3003=(
NAMED_UNIT(*)
SI_UNIT($,.STERADIAN.)
SOLID_ANGLE_UNIT()
);
#3004=SHAPE_DEFINITION_REPRESENTATION(#3008,#3015);
#3005=SHAPE_DEFINITION_REPRESENTATION(#3009,#3016);
#3006=SHAPE_DEFINITION_REPRESENTATION(#3010,#3017);
#3007=SHAPE_DEFINITION_REPRESENTATION(#3012,#3018);
#3008=PRODUCT_DEFINITION_SHAPE('',$,#3020);
#3009=PRODUCT_DEFINITION_SHAPE('',$,#3021);
#3010=PRODUCT_DEFINITION_SHAPE('',$,#3022);
#3011=PRODUCT_DEFINITION_SHAPE($,$,#20);
#3012=PRODUCT_DEFINITION_SHAPE('',$,#3023);
#3013=PRODUCT_DEFINITION_SHAPE($,$,#21);
#3014=PRODUCT_DEFINITION_SHAPE($,$,#22);
#3015=SHAPE_REPRESENTATION('',(#1790,#1996,#1997),#2995);
#3016=SHAPE_REPRESENTATION('',(#1791,#1964),#2996);
#3017=SHAPE_REPRESENTATION('',(#1792),#2997);
#3018=SHAPE_REPRESENTATION('',(#1965),#2998);
#3019=PRODUCT_DEFINITION_CONTEXT('part definition',#3033,'design');
#3020=PRODUCT_DEFINITION('2026-08-23-14-02-33-896',
'My simple macropad (Assembly)',#3024,#3019);
#3021=PRODUCT_DEFINITION('HackPad 1','HackPad.step',#3025,#3019);
#3022=PRODUCT_DEFINITION('Hac9AEA_PCB','Hac9AEA_PCB',#3026,#3019);
#3023=PRODUCT_DEFINITION('2026-08-02-23-54-28-841','My simple macropad',
#3027,#3019);
#3024=PRODUCT_DEFINITION_FORMATION('',$,#3035);
#3025=PRODUCT_DEFINITION_FORMATION('',$,#3036);
#3026=PRODUCT_DEFINITION_FORMATION('',$,#3037);
#3027=PRODUCT_DEFINITION_FORMATION('',$,#3038);
#3028=PRODUCT_RELATED_PRODUCT_CATEGORY('My simple macropad (Assembly)',
'My simple macropad (Assembly)',(#3035));
#3029=PRODUCT_RELATED_PRODUCT_CATEGORY('HackPad.step','HackPad.step',(#3036));
#3030=PRODUCT_RELATED_PRODUCT_CATEGORY('Hac9AEA_PCB','Hac9AEA_PCB',(#3037));
#3031=PRODUCT_RELATED_PRODUCT_CATEGORY('My simple macropad',
'My simple macropad',(#3038));
#3032=APPLICATION_PROTOCOL_DEFINITION('international standard',
'automotive_design',2009,#3033);
#3033=APPLICATION_CONTEXT(
'Core Data for Automotive Mechanical Design Process');
#3034=PRODUCT_CONTEXT('part definition',#3033,'mechanical');
#3035=PRODUCT('2026-08-23-14-02-33-896','My simple macropad (Assembly)',
$,(#3034));
#3036=PRODUCT('HackPad 1','HackPad.step','KiCad electronic assembly',(#3034));
#3037=PRODUCT('Hac9AEA_PCB','Hac9AEA_PCB',$,(#3034));
#3038=PRODUCT('2026-08-02-23-54-28-841','My simple macropad',$,(#3034));
#3039=PRESENTATION_STYLE_ASSIGNMENT((#3041));
#3040=PRESENTATION_STYLE_ASSIGNMENT((#3042));
#3041=SURFACE_STYLE_USAGE(.BOTH.,#3043);
#3042=SURFACE_STYLE_USAGE(.BOTH.,#3044);
#3043=SURFACE_SIDE_STYLE('',(#3045));
#3044=SURFACE_SIDE_STYLE('',(#3046));
#3045=SURFACE_STYLE_FILL_AREA(#3047);
#3046=SURFACE_STYLE_FILL_AREA(#3048);
#3047=FILL_AREA_STYLE('Steel - Satin',(#3049));
#3048=FILL_AREA_STYLE('Opaque(80,124,105)',(#3050));
#3049=FILL_AREA_STYLE_COLOUR('Steel - Satin',#3051);
#3050=FILL_AREA_STYLE_COLOUR('Opaque(80,124,105)',#3052);
#3051=COLOUR_RGB('Steel - Satin',0.627450980392157,0.627450980392157,0.627450980392157);
#3052=COLOUR_RGB('Opaque(80,124,105)',0.313725490196078,0.486274509803922,
0.411764705882353);
ENDSEC;
END-ISO-10303-21;
